557.0374145507812,744.2400512695312,2.725480794906616,None,None,False,DEFENCE,False,9.816904169027966,0,0,False,False
556.5113525390625,744.1890869140625,2.8911430835723877,None,None,False,DEFENCE,False,9.814578965221008,0,0,False,False
556.5932006835938,744.1663208007812,2.881998062133789,None,None,False,DEFENCE,False,9.816722282985484,0,0,False,False
556.6311645507812,744.162109375,2.8811256885528564,None,None,False,DEFENCE,False,9.817348045666412,0,0,False,False
551.654052734375,748.0143432617188,4.2796478271484375,None,None,False,DEFENCE,False,9.544938236177744,0,0,False,False
551.6846923828125,748.0797729492188,4.258234024047852,None,None,False,DEFENCE,False,9.541451604136189,0,0,False,False
551.6104125976562,747.9782104492188,4.368734359741211,None,None,False,DEFENCE,False,9.54660365413145,0,0,False,False
545.3129272460938,747.1239624023438,4.664316177368164,None,None,False,DEFENCE,False,9.534831887156567,0,0,False,False
545.24755859375,747.1614379882812,5.005092144012451,None,None,False,DEFENCE,False,9.53204753369523,0,0,False,False
545.2953491210938,747.1289672851562,5.353542327880859,None,None,False,DEFENCE,False,9.53437461590437,0,0,False,False
545.0313720703125,746.9542846679688,3.3721184730529785,None,None,False,DEFENCE,False,9.541862660474331,0,0,False,False
544.9159545898438,746.989501953125,3.8516438007354736,None,None,False,DEFENCE,False,9.538725375403272,0,0,False,False
544.950927734375,746.9046630859375,4.231966018676758,None,None,False,DEFENCE,False,9.543936260877478,0,0,False,False
543.7146606445312,746.733642578125,2.9328453540802,None,None,False,DEFENCE,False,9.541823136844265,0,0,False,False
543.6907348632812,746.7507934570312,3.1843175888061523,None,None,False,DEFENCE,False,9.540608516199121,0,0,False,False
543.6986694335938,746.7237548828125,3.4411144256591797,None,None,False,DEFENCE,False,9.542236165855483,0,0,False,False
540.4000244140625,745.47509765625,2.6503725051879883,None,None,False,DEFENCE,False,9.581918664334161,0,0,False,False
540.3853149414062,745.524169921875,2.9741549491882324,None,None,False,DEFENCE,False,9.578971771305188,0,0,False,False
540.34716796875,745.5086059570312,3.0447258949279785,None,None,False,DEFENCE,False,9.579493410664808,0,0,False,False
540.34716796875,745.5086059570312,3.0447258949279785,None,None,False,DEFENCE,False,9.579493410664808,0,0,False,False
538.2012939453125,748.8642578125,1.3707284927368164,951.1500493596443,1374.4019592167933,False,DEFENCE,False,56.5691999588426,600,0,False,False
538.2103881835938,748.8651123046875,1.5867550373077393,951.1591435979255,1374.4028137089808,False,DEFENCE,False,56.5691999588426,600,0,False,False
538.658935546875,746.5559692382812,1.593146562576294,928.0241884162996,1351.663080171925,False,DEFENCE,False,57.24013676701211,600,0,False,False
538.6690673828125,746.54736328125,2.89816951751709,898.3895627242639,1328.462431643292,False,DEFENCE,False,58.27702533548538,600,0,False,False
538.6419677734375,746.5529174804688,2.651632785797119,880.4635881746843,1313.7215987827872,False,DEFENCE,False,58.92344095340531,600,0,False,False
539.0438842773438,744.9580688476562,0.20545180141925812,857.2907233974929,1294.666159111438,False,DEFENCE,False,59.93182413807757,600,0,False,False
546.2586669921875,756.9927978515625,0.34489232301712036,851.4785533103052,1276.89023696808,False,DEFENCE,False,59.58378018945645,600,0,False,False
546.3394165039062,757.0195922851562,0.007888889871537685,834.3417939353238,1237.5786643179438,False,DEFENCE,False,59.06545132845403,600,0,False,False
550.7598876953125,758.8067016601562,-0.6045814156532288,823.8870306237396,1214.339992147776,False,DEFENCE,False,59.054080491101516,600,0,False,False
550.7525024414062,758.8355102539062,-0.7854099273681641,829.8359989118355,1219.3426381783863,False,DEFENCE,False,58.78266485808609,600,0,False,False
550.7889404296875,758.8530883789062,-0.947923481464386,829.8724369001168,1219.3602163033863,False,DEFENCE,False,58.78266485808609,600,0,False,False
558.2706298828125,765.4793090820312,-0.3008628487586975,848.5724247755461,1242.5074646658443,False,DEFENCE,False,58.6768435443242,600,0,False,False
558.21826171875,765.4573974609375,-0.37103939056396484,823.8010794805108,1206.1270556069358,False,DEFENCE,False,58.92346787336227,600,0,False,False
558.1969604492188,765.4630126953125,-0.33006173372268677,754.9927119959119,1143.8610045976627,False,DEFENCE,False,62.522136365629486,500,0,False,False
762.1572265625,862.0842895507812,-7.1364312171936035,622.7553799557428,1034.2690254141114,False,DEFENCE,False,208.99384910166677,500,0,False,False
763.3074340820312,863.7706298828125,-7.688549041748047,961.655451394191,1180.4069019454166,False,DEFENCE,False,137.93605399677764,500,0,False,False
763.5484008789062,864.540771484375,-7.88286018371582,965.2758653598844,1188.8904510723064,False,DEFENCE,False,138.12068520114843,500,0,False,False
613.8447265625,869.5194702148438,-2.3882622718811035,814.0966319693841,1177.7938444193044,False,DEFENCE,False,136.99265553695125,500,0,False,False
613.8526611328125,869.5093383789062,-2.6850640773773193,811.8239670785606,1166.6429094534521,False,DEFENCE,False,136.32565342536827,500,0,False,False
613.912841796875,869.5476684570312,-4.224421977996826,821.1867618738837,1127.7057597814496,False,DEFENCE,False,131.23918274736468,500,0,False,False
612.8124389648438,876.2371826171875,-2.632317304611206,851.1223657744355,1141.525564302958,False,DEFENCE,False,128.0664825587511,500,0,False,False
612.7820434570312,876.1898803710938,-2.8337745666503906,854.5832867179862,1135.1346632213124,False,DEFENCE,False,126.96081229936388,500,0,False,False
612.69384765625,876.2144165039062,-3.1231396198272705,853.7160005519015,1117.2365693995578,False,DEFENCE,False,125.0,500,0,False,False
612.7086791992188,880.9498901367188,-1.513693928718567,883.1371810838326,1106.9621364596064,False,DEFENCE,False,119.8873937740764,500,0,False,False
605.8367919921875,892.662353515625,-1.4773951768875122,899.1334398996471,1121.4425305597429,False,DEFENCE,False,117.95529866757998,500,0,False,False
600.5133056640625,902.2268676757812,-1.5264323949813843,959.0535349939141,1133.8586165495415,False,DEFENCE,False,32.86412430046291,500,0,False,False
633.1945190429688,1030.6688232421875,2.0829355716705322,945.5544550091984,1229.916047302073,False,DEFENCE,False,112.53286732195983,500,0,False,False
633.9138793945312,1038.21533203125,2.2188029289245605,941.6718154770349,1199.2059981341104,False,DEFENCE,False,107.61442990586309,500,0,False,False
633.9138793945312,1038.21533203125,2.2188029289245605,941.6718154770349,1199.2059981341104,False,DEFENCE,False,107.61442990586309,500,0,False,False
624.8356323242188,1054.695068359375,1.8718409538269043,878.5957131549623,1173.3193343564474,False,DEFENCE,False,105.05450053928547,500,0,False,False
624.8512573242188,1054.784423828125,2.28725004196167,861.6400681058565,1156.836589683715,False,DEFENCE,False,103.3152643969728,500,0,False,False
624.8177490234375,1054.9891357421875,2.547306537628174,858.5963049681607,1141.648979556397,False,DEFENCE,False,100.33934095328812,500,0,False,False
620.0509033203125,1058.0120849609375,2.5007224082946777,850.3881209378079,1133.5130860234663,False,DEFENCE,False,98.14834889374,500,0,False,False
617.98046875,1070.2171630859375,2.5442564487457275,857.3567833875918,1143.6812960576947,False,DEFENCE,False,97.0611497968745,500,0,False,False
614.3760375976562,1098.42041015625,1.9899786710739136,877.2810747924591,1143.4524028149133,False,DEFENCE,False,9.719651395191516,1000,0,False,False
602.7001953125,1110.2047119140625,1.9604014158248901,883.817370440732,1144.403195682993,False,DEFENCE,False,6.9360675277461175,1000,0,False,False
605.4801025390625,1118.3011474609375,1.8782602548599243,896.8011104962325,1144.0015862081452,False,DEFENCE,False,5.0416009527418595,1000,0,False,False
613.6213989257812,1123.4393310546875,1.8415119647979736,931.2673934007323,1138.9154465328816,False,DEFENCE,False,2.789317339197947,1000,0,False,False
618.7088623046875,1125.681884765625,1.7452346086502075,943.1537977757355,1129.362937551189,False,DEFENCE,False,0.6500324606473528,1000,0,False,False
614.2142944335938,1130.7974853515625,2.791393756866455,896.5575836018515,1132.3124071110512,False,DEFENCE,False,0.30741934910134167,1000,0,False,False
614.2321166992188,1130.7872314453125,3.4125683307647705,845.9558406744827,1128.8991035184129,False,DEFENCE,False,-0.4668463179498433,1000,0,False,False
611.4343872070312,1133.897216796875,3.1979782581329346,838.4647656979008,1129.3952776754259,False,DEFENCE,False,-1.136007929756865,1000,0,False,False
611.4220581054688,1133.88623046875,3.435612440109253,838.4327274034606,1137.9395146860304,False,DEFENCE,False,1.022909650525941,1000,0,False,False
611.4234619140625,1133.9617919921875,4.334841728210449,837.7305582583888,1152.2749356946795,False,DEFENCE,False,4.6263882581317,1000,0,False,False
612.3910522460938,1138.9002685546875,3.2734949588775635,838.7131216792097,1157.027429821143,False,DEFENCE,False,4.579303320374968,1000,0,False,False
612.3638305664062,1138.8251953125,4.395696640014648,837.3555632981249,1170.8195753557359,False,DEFENCE,False,8.093339177693363,1000,0,False,False
612.397216796875,1138.840087890625,4.149231910705566,835.9027098983654,1185.5798728199954,False,DEFENCE,False,91.81155758091373,500,0,False,False
615.1029052734375,1139.39794921875,2.138935089111328,834.9464233255004,1195.2952882080185,False,DEFENCE,False,94.26571648782758,500,0,False,False
614.9513549804688,1139.446533203125,2.027289628982544,764.8574686671125,1144.7528576718187,True,DEFENCE,True,-17.972710371017467,1000,0,False,False
614.9718627929688,1139.4166259765625,2.0489981174468994,764.8759552352637,1144.7797471808483,True,DEFENCE,True,-17.951001882553136,1000,0,False,False
778.5725708007812,1224.0703125,-11.901021957397461,925.3483668478954,1193.1370667159579,True,DEFENCE,True,-91.90102195739743,500,0,True,False
779.353759765625,1223.7127685546875,-11.916581153869629,926.1211501931881,1192.7396655928715,True,DEFENCE,True,-91.91658115386961,500,0,True,False
794.6502685546875,1211.346923828125,-11.683548927307129,941.5424179002321,1180.971004736742,True,DEFENCE,True,-91.68354892730713,500,0,True,False
799.8319091796875,1199.9117431640625,-10.719334602355957,947.2144222206294,1172.0120146754807,True,DEFENCE,True,-90.71933460235593,500,0,True,False
801.1150512695312,1197.4227294921875,-11.782523155212402,947.9545093210419,1166.7931105076382,True,DEFENCE,True,-91.78252315521242,500,0,True,False
801.12451171875,1197.419921875,-12.198553085327148,947.7376963161502,1165.7249048816514,True,DEFENCE,True,-92.19855308532718,500,0,True,False
937.604736328125,1107.3607177734375,-7.711696147918701,1086.2481104717479,1087.232446034439,True,DEFENCE,True,-27.71169614791868,1000,0,True,False
937.6636962890625,1107.3067626953125,-8.18984603881836,1086.133920099888,1085.9387342049868,True,DEFENCE,True,-28.189846038818324,1000,0,True,False
937.679443359375,1107.3018798828125,-8.646891593933105,1085.9744936045963,1084.7502042739518,True,DEFENCE,True,-28.6468915939331,1000,0,True,False
938.7579956054688,1106.3231201171875,-6.9452595710754395,1087.6573155087517,1088.1849688238553,True,DEFENCE,True,-26.945259571075404,1000,0,True,False
950.2582397460938,1100.6925048828125,-7.585209846496582,1098.945686867773,1080.8924273971597,True,DEFENCE,True,-27.58520984649662,1000,0,True,False
951.4505615234375,1100.088623046875,-9.155266761779785,1099.5396800544256,1076.222057045145,True,DEFENCE,True,-29.155266761779778,1000,0,True,False
981.6734619140625,1082.72216796875,-10.999069213867188,1128.918004373692,1054.1032106877026,True,DEFENCE,True,-90.99906921386719,500,0,True,False
990.8192138671875,1076.8187255859375,-11.269272804260254,1137.92715411127,1047.5056923559312,True,DEFENCE,True,-91.26927280426025,500,0,True,False
1008.3071899414062,1063.3441162109375,-11.610047340393066,1155.2381859934962,1033.1566618773788,True,DEFENCE,True,-91.61004734039307,500,0,True,False
1011.0817260742188,1058.6441650390625,-11.864433288574219,1157.8772459385348,1027.804655513696,True,DEFENCE,True,-91.8644332885742,500,0,True,False
1011.9169311523438,1046.0599365234375,-13.041997909545898,1158.0476681790992,1012.2101551944943,True,DEFENCE,True,-93.0419979095459,500,0,True,False
1010.7177734375,1025.3846435546875,-14.588671684265137,1155.881621909759,987.6029403542883,True,DEFENCE,True,-94.58867168426515,500,0,True,False
1010.2174682617188,1020.0953979492188,-15.026601791381836,1155.0883015699176,981.2052750825053,True,DEFENCE,True,-95.02660179138182,500,0,False,False
1007.9716186523438,998.3646240234375,-16.7443904876709,1151.611554439647,955.1492465864724,True,DEFENCE,True,-96.74439048767088,500,0,False,False
1007.5115356445312,994.921875,-17.381704330444336,1150.6619010654738,950.1114646040814,True,DEFENCE,True,-97.38170433044435,500,0,False,False
1006.046875,985.3479614257812,-19.338714599609375,1147.583486272892,935.6751552901679,True,DEFENCE,True,-99.33871459960936,500,0,False,False
1005.5143432617188,981.8385009765625,-20.767536163330078,1145.768352796376,928.6519161129683,True,DEFENCE,True,-100.76753616333008,500,0,False,False
1005.5407104492188,981.8255615234375,-22.31308364868164,1144.3091671103239,924.8754479511626,True,DEFENCE,True,-102.31308364868163,500,0,False,False
1005.4829711914062,981.6085815429688,-24.631113052368164,1141.8344597973837,919.0924111953378,True,DEFENCE,True,-104.63111305236814,500,0,False,False
1005.5234985351562,981.5274658203125,-26.082233428955078,1140.248091214112,915.5783632677421,True,DEFENCE,True,-106.08223342895508,500,0,False,False
1005.4815673828125,981.3245239257812,-28.957706451416016,1136.7281678886761,908.6999423045821,True,DEFENCE,True,-108.95770645141602,500,0,False,False
1003.0718994140625,974.0048828125,-31.760875701904297,547.3220747802538,354.49130524800165,False,DEFENCE,True,-126.34033839552795,600,0,False,False
1003.0808715820312,973.9945678710938,-31.982385635375977,539.7661814782786,359.2669277794725,False,DEFENCE,True,-127.00500442997605,600,0,False,False
1003.0667114257812,973.9639282226562,-35.786922454833984,530.2848514039212,365.25950228017064,False,DEFENCE,True,-127.8365537128792,600,0,False,False
1003.1055297851562,973.9224243164062,-40.04351043701172,513.4607231402765,375.89301479777225,False,DEFENCE,True,-129.30937376670786,600,0,False,False
994.097412109375,963.9356079101562,-42.24901580810547,504.91197793830963,381.2961588828857,False,DEFENCE,True,-130.0168975540356,600,0,False,False
994.135986328125,963.9786376953125,-45.344085693359375,492.39842039600023,389.20522071840514,False,DEFENCE,True,-131.1187175969819,600,0,False,False
994.1307983398438,963.9891967773438,-46.736778259277344,487.02957583150373,392.59854220210997,False,DEFENCE,True,-131.58860723043622,600,0,False,False
994.2688598632812,963.9376831054688,-52.45884704589844,470.6390669362606,402.95799017921854,False,DEFENCE,True,-133.02772670081794,600,0,False,False
994.2766723632812,963.9068603515625,-54.575809478759766,464.9112734715228,406.57818152292936,False,DEFENCE,True,-133.525965620535,600,0,False,False
984.1253051757812,953.487548828125,-58.509002685546875,455.83157196600985,412.31691093000313,False,DEFENCE,True,-134.3101624876119,600,0,False,False
984.1598510742188,953.4472045898438,-61.70009994506836,440.0626094346692,422.28351709461145,False,DEFENCE,True,-135.6891372241281,600,0,False,False
984.171630859375,953.45849609375,-66.83003997802734,430.7105312874314,428.19439928035496,False,DEFENCE,True,-136.4973243040619,600,0,False,False
984.1771240234375,953.4093017578125,-72.79488372802734,422.1316904754548,433.6165649778069,False,DEFENCE,True,-137.23662969246377,600,0,False,False
984.1558837890625,953.35888671875,-77.66834259033203,405.8127439375142,443.930782723058,False,DEFENCE,True,-138.62509172683548,600,0,False,False
973.2080688476562,944.7389526367188,-85.02163696289062,395.8548115958248,450.2245886513923,False,DEFENCE,True,-139.41929843431157,600,0,False,False
973.2323608398438,944.73779296875,-85.6782455444336,391.13442508680123,453.20805907226907,False,DEFENCE,True,-139.8218942230793,600,0,False,False
973.2161865234375,944.7485961914062,-94.08170318603516,377.71345078928834,461.69064408081306,False,DEFENCE,True,-140.95184033296425,600,0,False,False
973.2245483398438,944.770263671875,-98.32485961914062,366.04818008830955,469.06355518064777,False,DEFENCE,True,-141.9222347807686,600,0,False,False
973.2105102539062,944.7566528320312,-102.50418090820312,360.4231817046124,472.61877597944454,False,DEFENCE,True,-142.3866144246717,600,0,False,False
961.4719848632812,935.8896484375,-110.64830780029297,343.21736226615997,483.4935323714136,False,DEFENCE,True,-143.8059063531652,600,0,False,False
961.4664306640625,935.916015625,-111.16442108154297,339.4345639299315,485.8844100935461,False,DEFENCE,True,-144.11477262044164,600,0,False,False
961.4336547851562,935.9892578125,-119.27754211425781,322.582538476152,496.5355547354311,False,DEFENCE,True,-145.47664666402724,600,0,False,False
961.446044921875,936.0386352539062,-124.2900619506836,309.8248047125803,504.598945571812,False,DEFENCE,True,-146.4913798534176,600,0,False,False
961.50146484375,936.0108642578125,-130.45379638671875,301.16151425438005,510.0744867759264,False,DEFENCE,True,-147.17693555863437,600,0,False,False
954.704345703125,931.9127197265625,-136.4775848388672,291.31805136134204,516.2959434986411,False,DEFENCE,True,-147.93252984252427,600,0,False,False
954.6463623046875,931.9635009765625,-140.33099365234375,282.81357778719786,521.6711061691309,False,DEFENCE,True,-148.58733212755232,600,0,False,False
954.600830078125,931.9996948242188,-145.3798370361328,None,None,False,DEFENCE,False,-2.248116708507011,0,0,False,False
954.603515625,931.9522705078125,-151.52198791503906,None,None,False,DEFENCE,False,-2.2432861825301726,0,0,False,False
954.2029418945312,931.684326171875,-153.8486785888672,None,None,False,DEFENCE,False,-2.2143513643050454,0,0,False,False
952.7171020507812,931.4002075195312,-159.48484802246094,None,None,False,DEFENCE,False,-2.1795968853198477,0,0,False,False
952.2974853515625,931.4434814453125,-166.48056030273438,None,None,False,DEFENCE,False,-2.1823729720449676,0,0,False,False
951.9764404296875,931.5990600585938,-172.70291137695312,None,None,False,DEFENCE,False,-2.1969390226774554,0,0,False,False
952.2955932617188,931.7877197265625,-177.7736358642578,None,None,False,DEFENCE,False,-2.217365080227931,0,0,False,False
952.5036010742188,931.669677734375,-179.77786254882812,None,None,False,DEFENCE,False,-2.206178409278593,0,0,False,False
952.5897827148438,931.509033203125,174.12193298339844,None,None,False,DEFENCE,False,-2.190174492697693,0,0,False,False
951.9539794921875,931.8828125,167.46820068359375,None,None,False,DEFENCE,False,-2.2256832382632514,0,0,False,False
951.845458984375,931.819580078125,165.23641967773438,None,None,False,DEFENCE,False,-2.218831133337017,0,0,False,False
952.0957641601562,931.7098999023438,160.2509765625,None,None,False,DEFENCE,False,-2.208669545375016,0,0,False,False
951.94970703125,931.4729614257812,169.58999633789062,None,None,False,DEFENCE,False,-2.1840218122491986,0,0,False,False
952.1336059570312,931.3875122070312,171.794189453125,None,None,False,DEFENCE,False,-2.176049151613882,0,0,False,False
952.6210327148438,931.374267578125,178.5940399169922,None,None,False,DEFENCE,False,-2.1765859383199975,0,0,False,False
952.7756958007812,931.366943359375,-177.38107299804688,None,None,False,DEFENCE,False,-2.17643879455768,0,0,False,False
953.08544921875,931.1804809570312,-173.0428466796875,None,None,False,DEFENCE,False,-2.158651913940998,0,0,False,False
952.6129760742188,931.5504760742188,-165.4078826904297,None,None,False,DEFENCE,False,-2.1944807348734194,0,0,False,False
952.548583984375,931.5223999023438,-165.11683654785156,None,None,False,DEFENCE,False,-2.191373870683103,0,0,False,False
952.60888671875,931.4190063476562,-167.24505615234375,None,None,False,DEFENCE,False,-2.181090323609926,0,0,False,False
952.5342407226562,931.6388549804688,-175.67616271972656,None,None,False,DEFENCE,False,-2.2031633451377077,0,0,False,False
952.3734741210938,931.61279296875,-178.00152587890625,None,None,False,DEFENCE,False,-2.199884284356174,0,0,False,False
952.9242553710938,932.2514038085938,175.4774169921875,None,None,False,DEFENCE,False,-2.2670363368905906,0,0,False,False
953.2264404296875,932.0590209960938,171.30638122558594,None,None,False,DEFENCE,False,-2.248663709404545,0,0,False,False
953.2034301757812,932.0628051757812,171.0053253173828,None,None,False,DEFENCE,False,-2.2489570442206293,0,0,False,False
953.152587890625,932.2037963867188,163.2532958984375,None,None,False,DEFENCE,False,-2.2631093914546465,0,0,False,False
953.0961303710938,932.1171264648438,166.0228729248047,None,None,False,DEFENCE,False,-2.254058473638687,0,0,False,False
952.9630737304688,932.508544921875,176.62477111816406,None,None,False,DEFENCE,False,-2.2933650117280835,0,0,False,False
953.2041015625,932.4605102539062,-179.59571838378906,None,None,False,DEFENCE,False,-2.2894568163694893,0,0,False,False
953.0222778320312,932.5387573242188,-177.28851318359375,None,None,False,DEFENCE,False,-2.296681688687184,0,0,False,False
956.1261596679688,932.8067626953125,-169.55799865722656,None,None,False,DEFENCE,False,-2.33685404087944,0,0,False,False
956.022216796875,932.66064453125,-165.1110076904297,None,None,False,DEFENCE,False,-2.321467455608083,0,0,False,False
955.8394775390625,932.8934326171875,-167.4060821533203,None,None,False,DEFENCE,False,-2.344523304984449,0,0,False,False
955.9324951171875,932.8359375,-173.10733032226562,None,None,False,DEFENCE,False,-2.3390304294046085,0,0,False,False
956.19482421875,932.6685180664062,-177.16314697265625,None,None,False,DEFENCE,False,-2.322989709506623,0,0,False,False
956.4779052734375,932.4854736328125,178.59524536132812,None,None,False,DEFENCE,False,-2.305418889671387,0,0,False,False
956.4422607421875,932.3021240234375,174.09152221679688,None,None,False,DEFENCE,False,-2.2864944595607835,0,0,False,False
957.0453491210938,932.5911865234375,166.2223663330078,None,None,False,DEFENCE,False,-2.3185988451414143,0,0,False,False
957.392822265625,932.483154296875,167.62525939941406,None,None,False,DEFENCE,False,-2.308959577541112,0,0,False,False
957.2241821289062,932.5028076171875,176.63134765625,None,None,False,DEFENCE,False,-2.310277781117611,0,0,False,False
957.3037719726562,932.2941284179688,179.74423217773438,None,None,False,DEFENCE,False,-2.289202675508414,0,0,False,False
957.7465209960938,931.8301391601562,-174.90167236328125,None,None,False,DEFENCE,False,-2.243387694492643,0,0,False,False
957.6962280273438,931.9688720703125,-168.83486938476562,None,None,False,DEFENCE,False,-2.257426436244069,0,0,False,False
957.7656860351562,931.8148193359375,-164.33883666992188,None,None,False,DEFENCE,False,-2.2418919745918067,0,0,False,False
957.7650146484375,931.8829345703125,-160.2252655029297,None,None,False,DEFENCE,False,-2.2488822410986673,0,0,False,False
958.0148315429688,931.7023315429688,-170.15093994140625,None,None,False,DEFENCE,False,-2.2313400452609065,0,0,False,False
957.9669189453125,931.847412109375,-172.45907592773438,None,None,False,DEFENCE,False,-2.246048363752984,0,0,False,False
957.9723510742188,931.7059326171875,179.74697875976562,None,None,False,DEFENCE,False,-2.2315398935319646,0,0,False,False
957.9793701171875,931.7151489257812,178.56105041503906,1280.9359675205396,1636.3907286284975,False,DEFENCE,False,65.37775959644415,600,0,False,False
959.9055786132812,930.25390625,171.1337127685547,1291.708328013921,1656.9911506513515,False,DEFENCE,False,65.4602230295524,600,0,False,False
959.877685546875,930.290771484375,173.22169494628906,1305.6760705241245,1683.7022313465757,False,DEFENCE,False,65.34597477610015,600,0,False,False
959.8992309570312,930.3002319335938,175.60498046875,1309.4677281037254,1690.9531719694714,False,DEFENCE,False,65.31820443905737,600,0,False,False
959.8185424804688,930.2615356445312,-176.70143127441406,1317.4294247779862,1706.1786475380338,False,DEFENCE,False,65.25559120483541,600,0,False,False
964.2092895507812,942.95654296875,-173.410400390625,1324.691388565918,1720.0659955188219,False,DEFENCE,False,65.11456594111357,600,0,False,False
964.2633666992188,943.0792846679688,-165.20986938476562,1132.18278685564,1095.897285644292,False,DEFENCE,False,122.30430875484421,500,0,False,False
964.2450561523438,943.0266723632812,-166.47109985351562,1123.7634488186086,1104.5944769817747,False,DEFENCE,False,125.36569949689469,500,0,False,False
964.2308349609375,943.0867309570312,-168.21217346191406,1135.461999689533,1092.1845556016478,False,DEFENCE,False,121.0473930121925,500,0,False,False
964.27099609375,943.0703125,-175.5373992919922,1147.5600406482718,1077.0680708184093,False,DEFENCE,False,116.16954722982504,500,0,False,False
961.4207153320312,949.1991577148438,176.89590454101562,1155.812224815836,1066.5414976628463,False,DEFENCE,False,111.11682818342858,500,0,False,False
961.4330444335938,949.184814453125,176.56568908691406,1156.0260871194005,1066.1626791384924,False,DEFENCE,False,111.01180362890034,500,0,False,False
961.4232177734375,949.1342163085938,169.55274963378906,1157.0842952322298,1064.3167490804199,False,DEFENCE,False,110.48463832558612,500,0,False,False
961.4801635742188,949.241943359375,167.16761779785156,1157.326309630158,1063.930337225457,False,DEFENCE,False,110.3534337654548,500,0,False,False
956.5748901367188,960.7985229492188,173.30258178710938,1085.5456340384492,1147.658952964518,False,DEFENCE,False,135.38662952063953,500,0,False,False
956.548828125,960.800048828125,176.9764404296875,1071.8986509540036,1156.3625489690921,False,DEFENCE,False,139.46636149039952,500,0,False,False
956.5155029296875,960.8336791992188,-177.5880889892578,1048.5929111387015,1168.3716853223839,False,DEFENCE,False,146.07480073006434,500,0,False,False
956.5310668945312,960.8406372070312,-173.7789306640625,1035.5285930101531,1174.5108661812283,False,DEFENCE,False,149.70978743705007,500,0,False,False
956.495849609375,960.8487548828125,-165.62644958496094,997.5696313898522,1192.3485312095868,False,DEFENCE,False,159.93901247620062,500,0,False,False
954.2183227539062,961.7544555664062,-168.43568420410156,976.6262244183499,1202.1902513769385,False,DEFENCE,False,164.6755834758763,500,0,False,False
954.2742919921875,961.728515625,-171.8295440673828,996.2738913874791,1192.2993593314793,False,DEFENCE,False,159.67648177369347,500,0,False,False
954.3211059570312,961.720458984375,-176.42523193359375,1016.073802581475,1204.526079572542,False,DEFENCE,False,155.7305109200674,500,0,False,False
954.2966918945312,961.7047729492188,177.6000518798828,1030.903548317485,1218.3116604272584,False,DEFENCE,False,153.37764695454786,500,0,False,False
943.1875,967.8214111328125,170.06991577148438,1055.2733854393243,1236.984243300368,False,DEFENCE,False,147.39197904648208,500,0,False,False
943.1983642578125,967.8311157226562,169.36744689941406,1050.4061418837625,1246.6886053528028,False,DEFENCE,False,148.9705623336069,500,0,False,False
943.1357421875,967.821533203125,170.6761474609375,1062.4709095123096,1254.8356324659876,False,DEFENCE,False,147.42336004223466,500,0,False,False
943.11328125,967.8232421875,175.5924530029297,1068.2501732359524,1258.738220538994,False,DEFENCE,False,146.72507324735838,500,0,False,False
943.246826171875,967.7977905273438,-177.57891845703125,1080.5529903543406,1267.045996346868,False,DEFENCE,False,145.35258916787956,500,0,False,False
943.2739868164062,967.8150024414062,-175.75155639648438,1091.7118352016155,1274.5812771182489,False,DEFENCE,False,144.17862147646156,500,0,False,False
932.1209716796875,975.1765747070312,-172.08010864257812,868.8691786324777,1214.160583824316,False,DEFENCE,False,184.82453522263523,500,0,False,False
932.1740112304688,975.1983642578125,-173.68484497070312,855.6903275590257,1210.7312870098442,False,DEFENCE,False,187.9899655710896,500,0,False,False
932.1277465820312,975.2749633789062,-179.43377685546875,886.612711384876,1222.3314260057386,False,DEFENCE,False,180.4385148066084,500,0,False,False
932.1420288085938,975.3067626953125,176.2841796875,897.2453762531187,1227.4085347284372,False,DEFENCE,False,177.8809658297941,500,0,False,False
925.4166870117188,975.556396484375,171.7799835205078,904.7559652709568,1230.9948489297776,False,DEFENCE,False,174.62420897313712,500,0,False,False
925.4806518554688,975.5436401367188,167.92263793945312,914.8811387201903,1235.8296299630329,False,DEFENCE,False,172.33194263273407,500,0,False,False
925.4583129882812,975.5250244140625,165.36019897460938,923.2183778836051,1239.810670483385,False,DEFENCE,False,170.48559487409415,500,0,False,False
925.4902954101562,975.5820922851562,170.37313842773438,930.189269172109,1243.139278448031,False,DEFENCE,False,168.99384616471457,500,0,False,False
925.4828491210938,975.5886840820312,176.8006591796875,938.7023844790822,1247.2043000129886,False,DEFENCE,False,167.21361242435145,500,0,False,False
918.2772216796875,976.85595703125,-176.29725646972656,953.076080139647,1254.067754896593,False,DEFENCE,False,162.84499212140065,500,0,False,False
918.3329467773438,976.8327026367188,-172.00743103027344,960.230140784268,1257.4838264225568,False,DEFENCE,False,161.50926546411372,500,0,False,False
918.3018798828125,976.8280029296875,-170.14988708496094,967.2873888728017,1260.8536698505727,False,DEFENCE,False,160.21454347383386,500,0,False,False
918.2752075195312,976.7510986328125,-162.01171875,977.9827882773889,1265.9607343807415,False,DEFENCE,False,158.33512048476535,500,0,False,False
918.2742919921875,976.7844848632812,-160.10716247558594,564.8678991309597,1358.1717071018902,False,DEFENCE,False,132.8192390908235,600,0,False,False
905.2766723632812,981.6367797851562,-167.4751434326172,535.3418645612476,1370.7811486451776,False,DEFENCE,False,133.5503595056013,600,0,False,False
905.231201171875,981.67431640625,-171.0255584716797,720.9118608265784,1302.6803762122668,False,DEFENCE,False,199.86412849674213,500,0,False,False
905.2184448242188,981.7460327148438,-173.2494659423828,755.6628997651335,1289.3018816060105,False,DEFENCE,False,195.93231926389228,500,0,False,False
905.213134765625,981.7529296875,178.4505615234375,771.1055033903447,1321.246038698382,False,DEFENCE,False,191.5551664205391,500,0,False,False
903.32275390625,982.0724487304688,174.511474609375,831.8679683929005,1323.4364764986938,False,DEFENCE,False,181.8225336344171,500,0,False,False
896.306396484375,980.891357421875,169.38601684570312,948.0246081945546,1327.6238295721414,False,DEFENCE,False,161.51637485328592,500,0,False,False
896.3732299804688,980.8980102539062,166.09652709960938,845.9474505721417,1360.4728708494679,False,DEFENCE,False,177.56732252174942,500,0,False,False
896.367431640625,980.8490600585938,166.43235778808594,864.4381183922388,1372.7564982907877,False,DEFENCE,False,174.65768981771834,500,0,False,False
896.3782348632812,980.8876342773438,169.42405700683594,786.9459140715155,1336.6619574667625,False,DEFENCE,False,187.0973293625422,500,0,False,False
887.4982299804688,983.1624755859375,174.80564880371094,-222.5099417626468,775.2540909109531,False,DEFENCE,False,-169.39122290523724,600,0,False,False
887.5299682617188,983.1384887695312,-176.19029235839844,-2210.9927744911847,-330.6386515532397,False,DEFENCE,False,-157.02300068010172,600,0,False,False
887.5267333984375,983.1478271484375,-175.33859252929688,-2734.4229518898183,-621.7438222112144,False,DEFENCE,False,-156.10179201014427,600,0,False,False
887.54296875,983.1589965820312,-168.0297393798828,-4144.144885724507,-1405.7592684905035,False,DEFENCE,False,-154.60281357127246,600,0,False,False
887.5474243164062,983.1419677734375,-163.71046447753906,-5603.161775892085,-2217.1900555267594,False,DEFENCE,False,-153.75377428257886,600,0,False,False
880.3548583984375,978.9371948242188,-167.33673095703125,1267.425068678526,1669.2154215970252,False,DEFENCE,False,60.71867982199205,600,0,False,False
880.3504638671875,978.9578247070312,-169.7166290283203,1386.5946255209326,1751.6961048208886,False,DEFENCE,False,56.769982389662275,600,0,False,False
880.3516235351562,979.0341186523438,-177.9207000732422,1483.83937174918,1819.0019950277642,False,DEFENCE,False,54.30406683187842,600,0,False,False
880.3397827148438,979.0562133789062,176.1389923095703,1546.5332252170085,1862.3942170430028,False,DEFENCE,False,52.97723174055188,600,0,False,False
887.921875,989.9448852539062,169.79351806640625,1625.9578567161432,1917.3662924994505,False,DEFENCE,False,51.48745173242714,600,0,False,False
887.9273681640625,989.9188842773438,167.497314453125,1691.7763555771407,1962.9211716033756,False,DEFENCE,False,50.438074949685024,600,0,False,False
888.0154418945312,989.8920288085938,170.12974548339844,625.1630832124455,1370.414793325852,False,DEFENCE,False,124.63541509643586,500,0,False,False
887.9862060546875,989.9594116210938,178.69874572753906,473.44749198152505,1300.6503547507168,False,DEFENCE,False,143.1489567525392,600,0,False,False
887.9744873046875,989.9568481445312,-175.76565551757812,421.464511763281,1276.7466583608823,False,DEFENCE,False,148.41862867943158,600,0,False,False
885.1986694335938,994.90771484375,-170.9879608154297,305.984718556361,1223.6447795461258,False,DEFENCE,False,158.450467960414,600,0,False,False
885.1898193359375,994.9204711914062,-169.1294403076172,267.64390227335474,1206.014254556607,False,DEFENCE,False,161.12819375857077,600,0,False,False
885.1295776367188,994.9149780273438,-166.96018981933594,132.9021634859813,1144.0550209480389,False,DEFENCE,False,168.785707969835,600,0,False,False
885.119384765625,994.8966064453125,-168.7674560546875,64.65980281959219,1112.6746602329285,False,DEFENCE,False,171.83092363847948,600,0,False,False
885.1889038085938,994.9126586914062,-170.42483520507812,-15.912342320231005,1075.6246087196437,False,DEFENCE,False,174.8816559630055,600,0,False,False
870.8031005859375,996.8082885742188,-179.66221618652344,-169.35445992775624,1005.0662494777414,False,DEFENCE,False,179.54513009885497,600,0,False,False
870.7779541015625,996.7840576171875,178.4090118408203,-239.11215947114954,972.9890799168982,False,DEFENCE,False,-178.77182168168744,600,0,False,False
870.6859741210938,996.8411254882812,169.46444702148438,-333.73581574511184,929.4776240255135,False,DEFENCE,False,-176.7987732047494,600,0,False,False
870.655517578125,996.8551025390625,167.40374755859375,-395.85236757568384,900.9141367166367,False,DEFENCE,False,-175.66798294723347,600,0,False,False
870.6688232421875,996.8550415039062,162.48178100585938,-523.0153549569362,842.4398932310928,False,DEFENCE,False,-173.67762227113298,600,0,False,False
859.25537109375,996.3995971679688,165.69021606445312,-637.0291777932522,790.0121217974115,False,DEFENCE,False,-172.14655894851768,600,0,False,False
859.31787109375,996.395751953125,168.34519958496094,-713.6909258219647,754.7602154638612,False,DEFENCE,False,-171.2668547402534,600,0,False,False
859.3884887695312,996.3472900390625,174.83245849609375,1295.1743106707172,1674.8404813160791,False,DEFENCE,False,57.28798585663292,600,0,False,False
859.376220703125,996.4490356445312,178.79098510742188,1327.1683595517666,1689.3644275284294,False,DEFENCE,False,55.97643242502407,600,0,False,False
858.7489624023438,997.3536376953125,-176.64260864257812,1372.9000030124423,1710.1246611673373,False,DEFENCE,False,54.1955390904988,600,0,False,False
855.5459594726562,1001.9834594726562,-168.75904846191406,1413.6639366175928,1728.6297644534584,False,DEFENCE,False,52.47307837111802,600,0,False,False
855.5593872070312,1001.9459228515625,-165.41879272460938,1444.690773042335,1742.7146370823573,False,DEFENCE,False,51.50486339891638,600,0,False,False
855.5281982421875,1001.9237670898438,-163.46766662597656,1477.6821090409908,1757.691309503517,False,DEFENCE,False,50.53851419182505,600,0,False,False
855.552001953125,1001.981689453125,-163.880615234375,1524.9044342985098,1779.1282496861195,False,DEFENCE,False,49.261844506627796,600,0,False,False
866.1670532226562,1014.231201171875,-169.2899627685547,1575.4185163521795,1802.0595083536746,False,DEFENCE,False,48.004511987411476,600,0,False,False
866.1555786132812,1014.2258911132812,-172.42953491210938,1605.6248252252522,1815.7718961473308,False,DEFENCE,False,47.30680018617998,600,0,False,False
866.216552734375,1014.230712890625,-178.86737060546875,1640.331835534055,1831.5274122056662,False,DEFENCE,False,46.554283882850086,600,0,False,False
866.2177734375,1014.2311401367188,177.16632080078125,1683.3303732183713,1851.0469313155663,False,DEFENCE,False,45.682530341868755,600,0,False,False
866.2498168945312,1014.2257080078125,170.80088806152344,1705.5569665344938,1861.1368654469838,False,DEFENCE,False,45.25837378186909,600,0,False,False
866.2879028320312,1014.2391967773438,168.77587890625,1749.960785326493,1881.2943227964956,False,DEFENCE,False,44.45616982563031,600,0,False,False
877.3984375,1024.779296875,170.2530975341797,1803.9195509917868,1905.7893222609657,False,DEFENCE,False,43.55767771572024,600,0,False,False
877.4240112304688,1024.832275390625,173.56776428222656,1834.5548493732013,1919.696453163504,False,DEFENCE,False,43.07436119004309,600,0,False,False
877.453125,1024.8519287109375,177.86483764648438,1881.2446261471505,1940.8916388385858,False,DEFENCE,False,42.382941682079874,600,0,False,False
877.4348754882812,1024.8797607421875,-175.31105041503906,1927.7709783464934,1962.0126366626646,False,DEFENCE,False,41.740041409884064,600,0,False,False
877.4189453125,1024.8795166015625,-174.8648681640625,1960.9844696262548,1977.0901581937812,False,DEFENCE,False,41.30820803356845,600,0,False,False
890.3424682617188,1033.7452392578125,-166.3402862548828,1996.7296231963157,1993.3169474236768,False,DEFENCE,False,40.935162097190194,600,0,False,False
890.3140258789062,1033.719482421875,-164.2398681640625,2027.0542446520462,2007.0830441302985,False,DEFENCE,False,40.57265631195613,600,0,False,False
890.3863525390625,1033.732421875,-161.70765686035156,2074.9004772699113,2028.803211889906,False,DEFENCE,False,40.032497512990126,600,0,False,False
890.4016723632812,1033.7349853515625,-162.2819061279297,2125.1305523805586,2051.6055434066734,False,DEFENCE,False,39.50106689007755,600,0,False,False
902.62353515625,1042.4190673828125,-168.5074920654297,2158.979299949458,2066.9714444488923,False,DEFENCE,False,39.197086357996376,600,0,False,False
902.5944213867188,1042.4764404296875,-172.26336669921875,2190.698988476958,2081.3708426544376,False,DEFENCE,False,38.8872022217916,600,0,False,False
902.654296875,1042.5301513671875,-176.59097290039062,2224.6907325486386,2096.801658066284,False,DEFENCE,False,38.57096841530511,600,0,False,False
902.691162109375,1042.5399169921875,179.76927185058594,2283.8884474675892,2123.674919108469,False,DEFENCE,False,38.05213584242161,600,0,False,False
902.6871948242188,1042.5191650390625,172.87469482421875,1338.8167474609932,1683.3464816794794,False,DEFENCE,False,55.76186736456043,600,0,False,False
907.6567993164062,1050.372314453125,166.9012451171875,1342.2855532347648,1684.417246611783,False,DEFENCE,False,55.56991871060699,600,0,False,False
907.665283203125,1050.3089599609375,162.94454956054688,1342.5949548466338,1684.512753947043,False,DEFENCE,False,55.55811837462161,600,0,False,False
907.6908569335938,1050.3009033203125,165.4946746826172,1403.8791630812107,1645.8391483374305,False,DEFENCE,False,50.19974180266715,600,0,False,False
907.7637329101562,1050.2615966796875,170.3524627685547,1344.7432569613165,1690.509620492125,False,DEFENCE,False,55.68583785081171,600,0,False,False
907.6746215820312,1050.19873046875,175.9987335205078,1287.2250493164568,1733.9581048660418,False,DEFENCE,False,60.96562709092564,600,0,False,False
907.6851806640625,1050.2247314453125,177.88699340820312,1266.6256180292705,1749.5186396086933,False,DEFENCE,False,62.82903251075888,600,0,False,False
911.439697265625,1057.47998046875,-173.3302001953125,1203.8347266473008,1796.9500387211035,False,DEFENCE,False,68.42558355742334,600,0,False,False
911.467529296875,1057.39404296875,-163.35061645507812,1140.504364578465,1844.7889467714351,False,DEFENCE,False,73.78138292558891,600,0,False,False
911.5100708007812,1057.3275146484375,-161.11671447753906,1085.6531829814394,1886.2227953576787,False,DEFENCE,False,78.13524887379194,600,0,False,False
911.5294189453125,1057.391845703125,-165.90774536132812,1047.716833608592,1914.8794060279336,False,DEFENCE,False,80.97557578105975,600,0,False,False
913.1712036132812,1065.3328857421875,-169.0323028564453,999.6643384786544,1951.1776178336936,False,DEFENCE,False,84.42336487249764,600,0,False,False
913.1542358398438,1065.3306884765625,-172.46717834472656,943.2682441341877,1993.7784728360743,False,DEFENCE,False,88.14227473100918,600,0,False,False
913.169921875,1065.283447265625,-177.61073303222656,1280.0607321862487,1748.1156153310035,False,DEFENCE,False,61.75053054713464,600,0,False,False
913.2298583984375,1065.2196044921875,177.99172973632812,1303.1676637386245,1735.1397923135144,False,DEFENCE,False,59.79776754633975,600,0,False,False
913.2298583984375,1065.2196044921875,177.99172973632812,1303.1676637386245,1735.1397923135144,False,DEFENCE,False,59.79776754633975,600,0,False,False
921.8390502929688,1078.6749267578125,177.52664184570312,1320.1108242012535,1725.3266338651379,False,DEFENCE,False,58.371149426833135,600,0,False,False
921.8446044921875,1078.704345703125,178.1906280517578,1305.8834239848059,1752.0414244077112,False,DEFENCE,False,60.30166094816895,600,0,False,False
921.8558349609375,1078.723876953125,179.52474975585938,1306.6050595301515,1754.7936445754415,False,DEFENCE,False,60.35592888016541,600,0,False,False
921.9196166992188,1078.788818359375,-178.88853454589844,1308.2108939353307,1760.9180793603884,False,DEFENCE,False,60.47702843095602,600,0,False,False
921.905517578125,1078.825439453125,-178.22979736328125,1309.1612968113611,1764.5427871228464,False,DEFENCE,False,60.54460667121198,600,0,False,False
928.9772338867188,1091.8251953125,-176.29891967773438,1311.07545562289,1771.8431294068532,False,DEFENCE,False,60.668614679727916,600,0,False,False
928.9567260742188,1091.7801513671875,-176.52816772460938,1311.7309867341771,1774.343236222122,False,DEFENCE,False,60.71674617233995,600,0,False,False
928.9418334960938,1091.8189697265625,-178.20420837402344,1308.1107044087926,1770.1815751224917,False,DEFENCE,False,60.79711515388466,600,0,False,False
928.9418334960938,1091.8189697265625,-178.20420837402344,1308.1107044087926,1770.1815751224917,False,DEFENCE,False,60.79711515388466,600,0,False,False
936.6161499023438,1102.6051025390625,176.8775177001953,1302.2659258949627,1786.1026356379448,False,DEFENCE,False,61.854613784253075,600,0,False,False
936.6184692382812,1102.5968017578125,176.06549072265625,1306.165714818219,1783.9949744292626,False,DEFENCE,False,61.52739764569241,600,0,False,False
936.5927734375,1102.5264892578125,174.7270965576172,1313.4192360270765,1780.0747711620822,False,DEFENCE,False,60.91886037088976,600,0,False,False
936.5712890625,1102.427978515625,173.67642211914062,1319.9660713970836,1776.5364999323997,False,DEFENCE,False,60.37123068450877,600,0,False,False
936.4933471679688,1102.4310302734375,173.43934631347656,1332.1290254939336,1769.96296812404,False,DEFENCE,False,59.345444707902466,600,0,False,False
943.9401245117188,1116.4007568359375,176.0259552001953,1297.7748729763568,1788.2457716628578,False,DEFENCE,False,62.22596088354225,600,0,False,False
943.9454956054688,1116.3897705078125,176.20152282714844,1302.7663522564826,1803.4969159137836,False,DEFENCE,False,62.42555159793663,600,0,False,False
943.928955078125,1116.2696533203125,178.7068328857422,1310.4837120143063,1828.431624759265,False,DEFENCE,False,62.76480235134581,600,0,False,False
943.929931640625,1116.2830810546875,179.48219299316406,1314.871394610887,1842.6081814425536,False,DEFENCE,False,62.946146348989295,600,0,False,False
943.9549560546875,1116.29345703125,-178.59873962402344,1321.5039294081967,1864.0378321609594,False,DEFENCE,False,63.21000596901801,600,0,False,False
943.92041015625,1116.3485107421875,-177.63951110839844,1326.3202691378908,1879.5993755682234,False,DEFENCE,False,63.38845992642585,600,0,False,False
950.5778198242188,1130.22900390625,-175.16468811035156,1331.2665262896999,1895.580680810629,False,DEFENCE,False,63.554080961707925,600,0,False,False
950.6145629882812,1130.24609375,-176.82334899902344,1336.402713690023,1912.1756487040263,False,DEFENCE,False,63.73920496647761,600,0,False,False
950.6803588867188,1130.38427734375,-179.806884765625,1345.6227946208787,1941.9656339784065,False,DEFENCE,False,64.0509073819405,600,0,False,False
950.6402587890625,1130.34423828125,178.36622619628906,1350.227268379306,1956.8426406433678,False,DEFENCE,False,64.1976360040309,600,0,False,False
957.2022094726562,1144.7642822265625,176.24533081054688,1357.358778787007,1979.8844763520458,False,DEFENCE,False,64.39810205550963,600,0,False,False
957.2440795898438,1144.7362060546875,174.45811462402344,1360.4717061745594,1989.9423122572666,False,DEFENCE,False,64.49530639023426,600,0,False,False
957.242431640625,1144.68505859375,174.22767639160156,1341.6461132964246,1817.8139065605985,False,DEFENCE,False,60.27060919835704,600,0,False,False
957.2672729492188,1144.6497802734375,174.19778442382812,1252.6107633845509,1865.2392054786496,False,DEFENCE,False,67.71305384135336,600,0,False,False
957.2540893554688,1144.71435546875,175.27154541015625,1203.2073942872057,1891.554253932095,False,DEFENCE,False,71.77197597668754,600,0,False,False
