elapsed_s,video_time_s,capture_sequence,sensor_timestamp_ns,inference_sequence,detected,bbox_x,bbox_y,bbox_w,bbox_h,centre_x,centre_y,confidence
1.6987095910000107,0.0,1,710337037000,1,False,,,,,,,
1.7098085910000107,0.011099,2,710348136000,2,False,,,,,,,
1.7320135910000107,0.033304,4,710370341000,3,True,172,32,16,13,180.04727935791016,38.240129470825195,0.2549019753932953
1.7431145910000108,0.044405,5,710381442000,4,True,172,32,16,13,180.04727935791016,38.240129470825195,0.3333333432674408
1.7653175910000107,0.066608,7,710403645000,5,True,172,32,16,13,180.04727935791016,38.240129470825195,0.3333333432674408
1.7764145910000106,0.077705,8,710414742000,6,True,172,32,16,13,180.04727935791016,38.240129470825195,0.501960813999176
1.7986175910000108,0.099908,10,710436945000,7,True,172,32,16,13,180.04727935791016,38.240129470825195,0.501960813999176
1.8097155910000107,0.111006,11,710448043000,8,True,172,32,16,13,180.04727935791016,38.240129470825195,0.3333333432674408
1.8319135910000108,0.133204,13,710470241000,9,True,172,32,16,13,180.04727935791016,38.240129470825195,0.501960813999176
1.8430135910000107,0.144304,14,710481341000,10,True,172,32,16,13,180.04727935791016,38.240129470825195,0.6666666865348816
1.8652115910000107,0.166502,16,710503539000,11,False,,,,,,,
1.8763135910000108,0.177604,17,710514641000,12,True,172,38,13,13,178.4539337158203,44.61348342895508,0.3333333432674408
1.9096135910000107,0.210904,19,710547941000,13,False,,,,,,,
1.9207105910000108,0.222001,20,710559038000,14,False,,,,,,,
1.9318155910000108,0.233106,21,710570143000,15,False,,,,,,,
1.9429105910000106,0.244201,22,710581238000,16,False,,,,,,,
1.9540095910000108,0.2553,23,710592337000,17,False,,,,,,,
1.9762105910000107,0.277501,25,710614538000,18,False,,,,,,,
1.9873065910000107,0.288597,26,710625634000,19,False,,,,,,,
1.9984055910000107,0.299696,27,710636733000,20,False,,,,,,,
2.0095085910000106,0.310799,28,710647836000,21,False,,,,,,,
2.031709591000011,0.333,30,710670037000,22,False,,,,,,,
2.042809591000011,0.3441,31,710681137000,23,False,,,,,,,
2.0650135910000107,0.366304,33,710703341000,24,False,,,,,,,
2.076109591000011,0.3774,34,710714437000,25,True,185,32,19,13,194.38732147216797,38.240129470825195,0.2549019753932953
2.087206591000011,0.388497,35,710725534000,26,True,185,32,19,13,194.38732147216797,38.240129470825195,0.3333333432674408
2.0983065910000107,0.399597,36,710736634000,27,False,,,,,,,
2.1205205910000107,0.421811,38,710758848000,28,True,188,32,19,13,197.57400512695312,38.240129470825195,0.2549019753932953
2.142707591000011,0.443998,40,710781035000,29,True,188,32,19,13,197.57400512695312,38.240129470825195,0.3333333432674408
2.1538065910000106,0.455097,41,710792134000,30,False,,,,,,,
2.164915591000011,0.466206,42,710803243000,31,True,191,32,19,13,200.76068115234375,38.240129470825195,0.5843137502670288
2.176003591000011,0.477294,43,710814331000,32,True,194,32,19,13,203.94735717773438,38.240129470825195,0.3333333432674408
2.1871055910000106,0.488396,44,710825433000,33,True,194,32,19,13,203.94735717773438,38.240129470825195,0.3333333432674408
2.1982045910000108,0.499495,45,710836532000,34,True,194,32,16,13,202.35401916503906,38.240129470825195,0.6666666865348816
2.2093045910000106,0.510595,46,710847632000,35,True,194,32,19,13,203.94735717773438,38.240129470825195,0.7450980544090271
2.2204075910000105,0.521698,47,710858735000,36,True,191,32,19,13,200.76068115234375,38.240129470825195,0.41568630933761597
2.231505591000011,0.532796,48,710869833000,37,True,191,32,19,16,200.76068115234375,39.83346939086914,0.3333333432674408
2.253706591000011,0.554997,50,710892034000,38,True,191,32,22,16,202.35401916503906,39.83346939086914,0.2549019753932953
2.264803591000011,0.566094,51,710903131000,39,True,191,32,22,19,202.35401916503906,41.42680740356445,0.2549019753932953
2.287002591000011,0.588293,53,710925330000,40,True,194,32,19,19,203.94735717773438,41.42680740356445,0.3333333432674408
2.298103591000011,0.599394,54,710936431000,41,True,194,32,19,19,203.94735717773438,41.42680740356445,0.3333333432674408
2.3203095910000107,0.6216,55,710958637000,42,True,191,32,22,19,202.35401916503906,41.42680740356445,0.501960813999176
2.3314015910000108,0.632692,56,710969729000,43,True,191,35,22,16,202.35401916503906,43.020145416259766,0.501960813999176
2.3425015910000107,0.643792,57,710980829000,44,True,188,35,25,16,200.76068115234375,43.020145416259766,0.501960813999176
2.3647025910000106,0.665993,59,711003030000,45,True,191,35,22,16,202.35401916503906,43.020145416259766,0.501960813999176
2.375796591000011,0.677087,60,711014124000,46,True,194,35,19,16,203.94735717773438,43.020145416259766,0.5843137502670288
2.3869015910000106,0.688192,61,711025229000,47,True,191,35,22,16,202.35401916503906,43.020145416259766,0.501960813999176
2.398004591000011,0.699295,62,711036332000,48,True,191,35,22,16,202.35401916503906,43.020145416259766,0.5843137502670288
2.4202005910000106,0.721491,64,711058528000,49,True,194,38,19,16,203.94735717773438,46.20682144165039,0.41568630933761597
2.4535005910000107,0.754791,67,711091828000,50,False,,,,,,,
2.475710591000011,0.777001,69,711114038000,51,True,191,41,22,16,202.35401916503906,49.39350128173828,0.6666666865348816
2.486800591000011,0.788091,70,711125128000,52,True,191,41,22,16,202.35401916503906,49.39350128173828,0.5843137502670288
2.4979005910000107,0.799191,71,711136228000,53,True,191,41,22,16,202.35401916503906,49.39350128173828,0.8549020290374756
2.508995591000011,0.810286,72,711147323000,54,True,191,41,22,16,202.35401916503906,49.39350128173828,0.8000000715255737
2.5200985910000107,0.821389,73,711158426000,55,True,191,41,22,16,202.35401916503906,49.39350128173828,0.8941177129745483
2.5311985910000105,0.832489,74,711169526000,56,True,188,41,25,19,200.76068115234375,50.986839294433594,0.8549020290374756
2.5422995910000106,0.84359,75,711180627000,57,True,188,41,25,19,200.76068115234375,50.986839294433594,0.8941177129745483
2.564497591000011,0.865788,77,711202825000,58,True,191,41,22,22,202.35401916503906,52.58017921447754,0.8549020290374756
2.575600591000011,0.876891,78,711213928000,59,True,188,45,25,19,200.76068115234375,54.17351722717285,0.8941177129745483
2.597799591000011,0.89909,80,711236127000,60,True,188,45,25,19,200.76068115234375,54.17351722717285,0.8941177129745483
2.608896591000011,0.910187,81,711247224000,61,True,188,45,25,19,200.76068115234375,54.17351722717285,0.8941177129745483
2.6310975910000107,0.932388,83,711269425000,62,True,188,45,25,19,200.76068115234375,54.17351722717285,0.917647123336792
2.6422015910000107,0.943492,84,711280529000,63,True,188,48,25,16,200.76068115234375,55.7668571472168,0.8941177129745483
2.6644015910000105,0.965692,86,711302729000,64,True,188,48,25,19,200.76068115234375,57.36019515991211,0.9450981020927429
2.6754975910000107,0.976788,87,711313825000,65,True,188,48,25,19,200.76068115234375,57.36019515991211,0.8941177129745483
2.6865955910000108,0.987886,88,711324923000,66,True,185,48,29,19,199.1673355102539,57.36019515991211,0.917647123336792
2.6976985910000106,0.998989,89,711336026000,67,True,185,48,29,19,199.1673355102539,57.36019515991211,0.8941177129745483
2.7198985910000104,1.021189,91,711358226000,68,True,185,51,29,19,199.1673355102539,60.546871185302734,0.8549020290374756
2.7309955910000108,1.032286,92,711369323000,69,True,185,51,29,19,199.1673355102539,60.546871185302734,0.8941177129745483
2.7531935910000107,1.054484,94,711391521000,70,True,185,51,29,22,199.1673355102539,62.14020919799805,0.8941177129745483
2.775393591000011,1.076684,96,711413721000,71,True,185,51,29,25,199.1673355102539,63.73354721069336,0.917647123336792
2.786493591000011,1.087784,97,711424821000,72,True,185,51,29,25,199.1673355102539,63.73354721069336,0.917647123336792
2.7975985910000105,1.098889,98,711435926000,73,True,185,54,29,22,199.1673355102539,65.32688522338867,0.9450981020927429
2.808695591000011,1.109986,99,711447023000,74,True,185,54,29,22,199.1673355102539,65.32688522338867,0.917647123336792
2.8197945910000106,1.121085,100,711458122000,75,True,185,54,29,22,199.1673355102539,65.32688522338867,0.8941177129745483
2.8308925910000107,1.132183,101,711469220000,76,True,185,54,29,22,199.1673355102539,65.32688522338867,0.8941177129745483
2.8530945910000107,1.154385,103,711491422000,77,True,185,54,32,22,200.76067352294922,65.32688522338867,0.8941177129745483
2.864193591000011,1.165484,104,711502521000,78,True,185,54,32,22,200.76067352294922,65.32688522338867,0.8941177129745483
2.8752925910000107,1.176583,105,711513620000,79,True,185,57,32,22,200.76067352294922,68.5135669708252,0.8941177129745483
2.897501591000011,1.198792,107,711535829000,80,True,185,61,29,22,199.1673355102539,71.70024299621582,0.917647123336792
2.908603591000011,1.209894,108,711546931000,81,True,185,61,29,25,199.1673355102539,73.29358100891113,0.9450981020927429
2.919697591000011,1.220988,109,711558025000,82,True,185,61,29,25,199.1673355102539,73.29358100891113,0.8941177129745483
2.9307905910000107,1.232081,110,711569118000,83,True,185,64,29,22,199.1673355102539,74.88692092895508,0.8941177129745483
2.952994591000011,1.254285,112,711591322000,84,True,185,64,32,25,200.76067352294922,76.48025894165039,0.917647123336792
2.9640955910000106,1.265386,113,711602423000,85,True,185,64,32,25,200.76067352294922,76.48025894165039,0.9450981020927429
2.986289591000011,1.28758,115,711624617000,86,True,185,64,29,25,199.1673355102539,76.48025894165039,0.8549020290374756
2.997390591000011,1.298681,116,711635718000,87,True,182,64,32,25,197.5739974975586,76.48025894165039,0.8941177129745483
3.0084895910000107,1.30978,117,711646817000,88,True,185,64,29,29,199.1673355102539,78.0735969543457,0.9450981020927429
3.0195885910000104,1.320879,118,711657916000,89,True,185,64,32,29,200.76067352294922,78.0735969543457,0.8549020290374756
3.030687591000011,1.331978,119,711669015000,90,True,185,70,32,25,200.76067352294922,82.8536148071289,0.6666666865348816
3.0417885910000106,1.343079,120,711680116000,91,True,182,70,32,25,197.5739974975586,82.8536148071289,0.917647123336792
3.0639875910000107,1.365278,122,711702315000,92,True,182,73,32,29,197.5739974975586,87.63362884521484,0.8941177129745483
3.0750875910000106,1.376378,123,711713415000,93,True,182,73,35,29,199.1673355102539,87.63362884521484,0.917647123336792
3.0861875910000105,1.387478,124,711724515000,94,True,182,76,32,25,197.5739974975586,89.22696685791016,0.8941177129745483
3.0972865910000107,1.398577,125,711735614000,95,True,178,76,35,25,195.98065948486328,89.22696685791016,0.9647059440612793
3.1194915910000107,1.420782,127,711757819000,96,True,178,76,35,29,195.98065948486328,90.82030487060547,0.917647123336792
3.130587591000011,1.431878,128,711768915000,97,True,178,80,35,29,195.98065948486328,94.00698471069336,0.9450981020927429
3.1527905910000107,1.454081,130,711791118000,98,True,175,80,35,32,192.79398345947266,95.60032653808594,0.917647123336792
3.1638865910000105,1.465177,131,711802214000,99,True,172,80,35,32,189.60730743408203,95.60032653808594,0.9450981020927429
3.1749895910000108,1.47628,132,711813317000,100,True,172,83,38,32,191.20064544677734,98.78700256347656,0.9450981020927429
3.1860925910000106,1.487383,133,711824420000,101,False,,,,,,,
3.2082845910000106,1.509575,135,711846612000,102,True,172,89,35,29,189.60730743408203,103.5670166015625,0.9450981020927429
3.2193845910000105,1.520675,136,711857712000,103,True,172,89,32,29,188.01396942138672,103.5670166015625,0.9647059440612793
3.241607591000011,1.542898,138,711879935000,104,True,166,89,35,35,183.23395538330078,106.75369262695312,0.917647123336792
3.263783591000011,1.565074,140,711902111000,105,True,159,99,38,35,178.45394134521484,116.31372833251953,0.9450981020927429
3.274885591000011,1.576176,141,711913213000,106,True,159,102,35,32,176.86060333251953,117.90706634521484,0.917647123336792
3.285994591000011,1.587285,142,711924322000,107,True,156,102,35,35,173.6739273071289,119.50040435791016,0.9450981020927429
3.2970815910000106,1.598372,143,711935409000,108,True,153,105,35,35,170.48724365234375,122.68708038330078,0.9647059440612793
3.3081825910000107,1.609473,144,711946510000,109,True,150,105,35,38,167.3005599975586,124.2804183959961,0.917647123336792
3.3192835910000107,1.620574,145,711957611000,110,True,147,112,38,35,165.70722198486328,129.0604362487793,0.9450981020927429
3.3414865910000104,1.642777,147,711979814000,111,True,140,115,35,38,157.74053192138672,133.84045028686523,0.917647123336792
3.3525815910000105,1.653872,148,711990909000,112,True,134,118,38,38,152.96051788330078,137.0271339416504,0.501960813999176
3.3636815910000104,1.664972,149,712002009000,113,True,131,121,35,35,148.18050384521484,138.6204719543457,0.9450981020927429
3.3747825910000104,1.676073,150,712013110000,114,True,127,124,32,35,143.4004898071289,141.80714797973633,0.9450981020927429
3.385880591000011,1.687171,151,712024208000,115,True,124,127,35,35,141.80714797973633,144.99382781982422,0.8941177129745483
3.408094591000011,1.709385,152,712046422000,116,False,,,,,,,
3.4302855910000107,1.731576,154,712068613000,117,True,112,143,35,35,129.0604362487793,160.92720794677734,0.9450981020927429
3.4413795910000107,1.74267,155,712079707000,118,True,105,147,38,35,124.2804183959961,164.11388397216797,0.917647123336792
3.452479591000011,1.75377,156,712090807000,119,True,102,147,35,38,119.50040435791016,165.70722198486328,0.9450981020927429
3.463579591000011,1.76487,157,712101907000,120,True,102,153,32,35,117.90706634521484,170.48724365234375,0.8000000715255737
3.4857795910000107,1.78707,159,712124107000,121,True,99,159,35,35,116.31372833251953,176.86060333251953,0.9647059440612793
3.5079785910000107,1.809269,161,712146306000,122,True,89,166,32,32,105.16035461425781,181.64061737060547,0.9450981020927429
3.5190795910000108,1.82037,162,712157407000,123,True,89,169,29,35,103.5670166015625,186.4206314086914,0.8941177129745483
3.530185591000011,1.831476,163,712168513000,124,True,86,172,29,32,100.38034057617188,188.01396942138672,0.8549020290374756
3.5412745910000107,1.842565,164,712179602000,125,True,83,172,32,38,98.78700256347656,191.20064544677734,0.917647123336792
3.5634825910000107,1.864773,166,712201810000,126,True,80,185,29,32,94.00698471069336,200.76067352294922,0.917647123336792
3.5856785910000104,1.886969,168,712224006000,127,True,76,188,25,38,89.22696685791016,207.13404083251953,0.41568630933761597
3.596777591000011,1.898068,169,712235105000,128,True,76,194,25,35,89.22696685791016,211.91405487060547,0.917647123336792
3.607890591000011,1.909181,170,712246218000,129,True,70,198,32,32,86.04029083251953,213.50739288330078,0.8941177129745483
3.6189815910000105,1.920272,171,712257309000,130,True,67,198,29,35,81.2602767944336,215.1007308959961,0.8941177129745483
3.6300775910000107,1.931368,172,712268405000,131,True,64,204,25,35,76.48025894165039,221.47408294677734,0.8941177129745483
3.6411755910000108,1.942466,173,712279503000,132,True,64,207,25,35,76.48025894165039,224.66075897216797,0.9647059440612793
3.6522755910000106,1.953566,174,712290603000,133,True,64,214,25,32,76.48025894165039,229.4407730102539,0.8941177129745483
3.674475591000011,1.975766,176,712312803000,134,True,61,226,25,29,73.29358100891113,240.59415435791016,0.7450980544090271
3.685577591000011,1.986868,177,712323905000,135,True,57,229,22,32,68.5135669708252,245.3741683959961,0.6666666865348816
3.6966745910000105,1.997965,178,712335002000,136,True,54,233,25,35,66.92022705078125,250.15418243408203,0.8941177129745483
3.7077765910000107,2.009067,179,712346104000,137,True,51,236,25,32,63.73354721069336,251.74752044677734,0.501960813999176
3.729973591000011,2.031264,181,712368301000,138,True,51,242,25,35,63.73354721069336,259.7142105102539,0.8549020290374756
3.741073591000011,2.042364,182,712379401000,139,True,51,249,25,32,63.73354721069336,264.49422454833984,0.5843137502670288
3.7632735910000106,2.064564,184,712401601000,140,True,51,258,22,35,62.14020919799805,275.64759826660156,0.9450981020927429
3.7743745910000106,2.075665,185,712412702000,141,True,48,264,22,32,58.95353317260742,280.4276123046875,0.8941177129745483
3.785473591000011,2.086764,186,712423801000,142,True,45,268,25,32,57.36019325256348,283.6142883300781,0.6666666865348816
3.7965725910000105,2.097863,187,712434900000,143,True,45,268,22,35,55.766855239868164,285.20762634277344,0.8000000715255737
3.818769591000011,2.12006,189,712457097000,144,True,45,277,19,32,54.17351722717285,293.17433166503906,0.8549020290374756
3.829873591000011,2.131164,190,712468201000,145,True,45,280,19,32,54.17351722717285,296.3610076904297,0.8941177129745483
3.852072591000011,2.153363,192,712490400000,146,True,45,287,19,35,54.17351722717285,304.32769775390625,0.8549020290374756
3.8631785910000107,2.164469,193,712501506000,147,True,41,296,22,29,52.58017921447754,310.7010498046875,0.8000000715255737
3.874271591000011,2.175562,194,712512599000,148,True,45,300,19,29,54.17351722717285,313.8877258300781,0.917647123336792
3.885371591000011,2.186662,195,712523699000,149,True,48,300,19,32,57.36019515991211,315.48106384277344,0.8549020290374756
3.9075725910000108,2.208863,197,712545900000,150,True,48,306,19,29,57.36019515991211,320.2610778808594,0.501960813999176
3.9297695910000106,2.23106,199,712568097000,151,True,45,309,19,29,54.17351722717285,323.44776916503906,0.7450980544090271
3.940869591000011,2.24216,200,712579197000,152,True,45,312,22,25,55.766855239868164,325.0411071777344,0.8549020290374756
3.9519745910000106,2.253265,201,712590302000,153,True,45,312,22,35,55.766855239868164,329.8211212158203,0.8549020290374756
3.9741695910000105,2.27546,203,712612497000,154,True,48,322,22,32,58.95353317260742,337.7878112792969,0.8000000715255737
3.9852685910000107,2.286559,204,712623596000,155,True,51,325,22,32,62.14020919799805,340.9744873046875,0.5843137502670288
3.9963685910000106,2.297659,205,712634696000,156,True,51,335,22,32,62.14020919799805,350.5345153808594,0.8000000715255737
4.0074715910000105,2.308762,206,712645799000,157,True,51,338,22,32,62.14020919799805,353.72119140625,0.8941177129745483
4.018567591000011,2.319858,207,712656895000,158,True,51,344,25,32,63.73354721069336,360.0945587158203,0.6666666865348816
4.029667591000011,2.330958,208,712667995000,159,True,51,347,25,35,63.73354721069336,364.87457275390625,0.8000000715255737
4.0407675910000105,2.342058,209,712679095000,160,True,54,351,25,35,66.92022705078125,368.0612487792969,0.8941177129745483
4.051867591000011,2.353158,210,712690195000,161,True,57,354,25,35,70.10690498352051,371.2479248046875,0.8000000715255737
4.062968591000011,2.364259,211,712701296000,162,True,61,360,25,32,73.29358100891113,376.02793884277344,0.6666666865348816
4.08518159100001,2.386472,213,712723509000,163,True,64,363,25,35,76.48025894165039,380.8079528808594,0.8549020290374756
4.096267591000011,2.397558,214,712734595000,164,True,64,370,29,38,78.0735969543457,388.77464294433594,0.8941177129745483
4.107365591000011,2.408656,215,712745693000,165,True,70,373,29,35,84.44695281982422,390.36798095703125,0.8549020290374756
4.118466591000011,2.419757,216,712756794000,166,True,73,376,29,35,87.63362884521484,393.55467224121094,0.8000000715255737
4.140666591000011,2.441957,218,712778994000,167,True,76,382,25,38,89.22696685791016,401.5213623046875,0.8549020290374756
4.151764591000011,2.453055,219,712790092000,168,True,76,382,29,38,90.82030487060547,401.5213623046875,0.8941177129745483
4.16286759100001,2.464158,220,712801195000,169,True,76,386,32,35,92.41364288330078,403.1147003173828,0.8941177129745483
4.1850655910000105,2.486356,222,712823393000,170,True,80,382,32,38,95.60032653808594,401.5213623046875,0.9450981020927429
4.207267591000011,2.508558,223,712845595000,171,True,80,379,32,38,95.60032653808594,398.3346862792969,0.917647123336792
4.218363591000011,2.519654,224,712856691000,172,True,80,376,32,38,95.60032653808594,395.14801025390625,0.8000000715255737
4.229458591000011,2.530749,225,712867786000,173,True,80,370,32,38,95.60032653808594,388.77464294433594,0.917647123336792
4.240563591000011,2.541854,226,712878891000,174,True,80,360,32,45,95.60032653808594,382.4012908935547,0.917647123336792
4.251664591000011,2.552955,227,712889992000,175,True,76,357,35,38,94.00698471069336,376.02793884277344,0.9450981020927429
4.27386359100001,2.575154,229,712912191000,176,True,76,344,29,41,90.82030487060547,364.87457275390625,0.9450981020927429
4.296062591000011,2.597353,231,712934390000,177,True,76,331,29,45,90.82030487060547,353.72120666503906,0.9647059440612793
4.3071615910000105,2.608452,232,712945489000,178,True,76,325,32,41,92.41364288330078,345.75450134277344,0.917647123336792
4.3182625910000105,2.619553,233,712956590000,179,True,76,322,32,38,92.41364288330078,340.9744873046875,0.9450981020927429
4.32936159100001,2.630652,234,712967689000,180,True,76,319,32,38,92.41364288330078,337.7878112792969,0.9450981020927429
4.340461591000011,2.641752,235,712978789000,181,True,76,315,32,38,92.41364288330078,334.60113525390625,0.9450981020927429
4.351561591000011,2.652852,236,712989889000,182,True,76,312,29,38,90.82030487060547,331.4144592285156,0.917647123336792
4.362661591000011,2.663952,237,713000989000,183,True,76,312,32,38,92.41364288330078,331.4144592285156,0.917647123336792
4.373762591000011,2.675053,238,713012090000,184,True,76,309,32,41,92.41364288330078,329.8211212158203,0.9450981020927429
4.395966591000011,2.697257,240,713034294000,185,True,76,303,35,41,94.00698471069336,323.44775390625,0.917647123336792
4.407060591000011,2.708351,241,713045388000,186,True,76,300,35,41,94.00698471069336,320.2610778808594,0.9450981020927429
4.418159591000011,2.71945,242,713056487000,187,True,76,300,35,38,94.00698471069336,318.66773986816406,0.917647123336792
4.429258591000011,2.730549,243,713067586000,188,True,80,296,32,41,95.60032653808594,317.07440185546875,0.917647123336792
4.451464591000011,2.752755,245,713089792000,189,True,86,287,32,41,101.97367858886719,307.5143737792969,0.917647123336792
4.462554591000011,2.763845,246,713100882000,190,True,86,284,32,41,101.97367858886719,304.32769775390625,0.8549020290374756
4.47365859100001,2.774949,247,713111986000,191,True,86,280,35,45,103.5670166015625,302.73435974121094,0.8941177129745483
4.484758591000011,2.786049,248,713123086000,192,True,89,277,32,45,105.16035461425781,299.5476837158203,0.9450981020927429
4.506964591000011,2.808255,250,713145292000,193,True,89,277,38,41,108.3470344543457,297.954345703125,0.501960813999176
4.518053591000011,2.819344,251,713156381000,194,True,92,274,38,48,111.53371047973633,297.954345703125,0.8549020290374756
4.540266591000011,2.841557,253,713178594000,195,True,102,274,41,48,122.68708038330078,297.954345703125,0.9450981020927429
4.55135159100001,2.852642,254,713189679000,196,True,105,274,41,48,125.8737564086914,297.954345703125,0.9450981020927429
4.5735555910000105,2.874846,255,713211883000,197,True,112,277,38,48,130.6537742614746,301.1410217285156,0.9450981020927429
4.584657591000011,2.885948,256,713222985000,198,True,115,280,38,45,133.84045028686523,302.73435974121094,0.9450981020927429
4.59575559100001,2.897046,257,713234083000,199,True,115,280,45,48,137.0271339416504,304.32769775390625,0.9450981020927429
4.617954591000011,2.919245,258,713256282000,200,True,124,280,48,51,148.18050003051758,305.92103576660156,0.7450980544090271
4.629055591000011,2.930346,259,713267383000,201,True,134,280,38,54,152.96051788330078,307.5143737792969,0.917647123336792
4.640155591000011,2.941446,260,713278483000,202,True,137,280,35,54,154.5538558959961,307.5143737792969,0.8549020290374756
4.6623555910000105,2.963646,262,713300683000,203,False,,,,,,,
4.673454591000011,2.974745,263,713311782000,204,False,,,,,,,
4.684557591000011,2.985848,264,713322885000,205,False,,,,,,,
4.695653591000011,2.996944,265,713333981000,206,False,,,,,,,
4.706753591000011,3.008044,266,713345081000,207,False,,,,,,,
4.717854591000011,3.019145,267,713356182000,208,False,,,,,,,
4.7289535910000104,3.030244,268,713367281000,209,False,,,,,,,
4.740055591000011,3.041346,269,713378383000,210,False,,,,,,,
4.762253591000011,3.063544,271,713400581000,211,False,,,,,,,
4.773351591000011,3.074642,272,713411679000,212,True,484,634,16,5,492.34165954589844,636.5744018554688,0.41568630933761597
4.7844515910000105,3.085742,273,713422779000,213,True,484,634,16,5,492.34165954589844,636.5744018554688,0.3333333432674408
4.7955525910000105,3.096843,274,713433880000,214,False,,,,,,,
4.817755591000011,3.119046,276,713456083000,215,False,,,,,,,
4.82885359100001,3.130144,277,713467181000,216,False,,,,,,,
4.8399495910000105,3.14124,278,713478277000,217,True,484,634,10,5,489.1549835205078,636.5744018554688,0.3333333432674408
4.851049591000011,3.15234,279,713489377000,218,True,484,634,10,5,489.1549835205078,636.5744018554688,0.3333333432674408
4.862152591000011,3.163443,280,713500480000,219,True,484,637,10,2,489.1549835205078,638.1677551269531,0.5843137502670288
4.873254591000011,3.174545,281,713511582000,220,True,484,637,10,2,489.1549835205078,638.1677551269531,0.41568630933761597
4.895451591000011,3.196742,283,713533779000,221,False,,,,,,,
4.906550591000011,3.207841,284,713544878000,222,False,,,,,,,
4.917648591000011,3.218939,285,713555976000,223,False,,,,,,,
4.9287495910000105,3.23004,286,713567077000,224,True,481,637,13,2,487.5616455078125,638.1677551269531,0.501960813999176
4.950947591000011,3.252238,288,713589275000,225,False,,,,,,,
4.962047591000011,3.263338,289,713600375000,226,False,,,,,,,
4.973147591000011,3.274438,290,713611475000,227,False,,,,,,,
4.984248591000011,3.285539,291,713622576000,228,False,,,,,,,
5.006449591000011,3.30774,293,713644777000,229,False,,,,,,,
5.01754759100001,3.318838,294,713655875000,230,False,,,,,,,
5.028649591000011,3.32994,295,713666977000,231,False,,,,,,,
5.039748591000011,3.341039,296,713678076000,232,False,,,,,,,
5.061947591000011,3.363238,298,713700275000,233,False,,,,,,,
5.07304559100001,3.374336,299,713711373000,234,False,,,,,,,
5.09524759100001,3.396538,301,713733575000,235,False,,,,,,,
5.10635359100001,3.407644,302,713744681000,236,False,,,,,,,
5.117444591000011,3.418735,303,713755772000,237,False,,,,,,,
5.128545591000011,3.429836,304,713766873000,238,False,,,,,,,
5.15075059100001,3.452041,306,713789078000,239,False,,,,,,,
5.161843591000011,3.463134,307,713800171000,240,False,,,,,,,
5.172943591000011,3.474234,308,713811271000,241,False,,,,,,,
5.19514259100001,3.496433,310,713833470000,242,False,,,,,,,
5.217345591000011,3.518636,311,713855673000,243,True,484,637,6,2,487.5616455078125,638.1677551269531,0.2549019753932953
5.2284455910000105,3.529736,312,713866773000,244,False,,,,,,,
5.2395465910000105,3.540837,313,713877874000,245,False,,,,,,,
5.261747591000011,3.563038,315,713900075000,246,False,,,,,,,
5.272845591000011,3.574136,316,713911173000,247,False,,,,,,,
5.283938591000011,3.585229,317,713922266000,248,False,,,,,,,
5.3061515910000105,3.607442,319,713944479000,249,False,,,,,,,
5.33943959100001,3.64073,320,713977767000,250,False,,,,,,,
5.350539591000011,3.65183,321,713988867000,251,False,,,,,,,
5.361638591000011,3.662929,322,713999966000,252,False,,,,,,,
5.372738591000011,3.674029,323,714011066000,253,False,,,,,,,
5.383833591000011,3.685124,324,714022161000,254,False,,,,,,,
5.406035591000011,3.707326,326,714044363000,255,False,,,,,,,
5.417138591000011,3.718429,327,714055466000,256,False,,,,,,,
5.428236591000011,3.729527,328,714066564000,257,False,,,,,,,
5.439336591000011,3.740627,329,714077664000,258,False,,,,,,,
5.46153659100001,3.762827,331,714099864000,259,False,,,,,,,
5.472639591000011,3.77393,332,714110967000,260,False,,,,,,,
5.4837385910000105,3.785029,333,714122066000,261,False,,,,,,,
5.505935591000011,3.807226,335,714144263000,262,False,,,,,,,
5.52813359100001,3.829424,336,714166461000,263,False,,,,,,,
5.539237591000011,3.840528,337,714177565000,264,False,,,,,,,
5.550334591000011,3.851625,338,714188662000,265,False,,,,,,,
5.572535591000011,3.873826,340,714210863000,266,False,,,,,,,
5.583632591000011,3.884923,341,714221960000,267,False,,,,,,,
5.594733591000011,3.896024,342,714233061000,268,False,,,,,,,
5.60583359100001,3.907124,343,714244161000,269,False,,,,,,,
5.628037591000011,3.929328,345,714266365000,270,False,,,,,,,
5.639133591000011,3.940424,346,714277461000,271,False,,,,,,,
5.66133159100001,3.962622,348,714299659000,272,False,,,,,,,
5.672431591000011,3.973722,349,714310759000,273,False,,,,,,,
5.6946345910000105,3.995925,351,714332962000,274,False,,,,,,,
5.705730591000011,4.007021,352,714344058000,275,False,,,,,,,
5.716831591000011,4.018122,353,714355159000,276,False,,,,,,,
5.727931591000011,4.029222,354,714366259000,277,False,,,,,,,
5.75012559100001,4.051416,356,714388453000,278,False,,,,,,,
5.761230591000011,4.062521,357,714399558000,279,False,,,,,,,
5.772330591000011,4.073621,358,714410658000,280,False,,,,,,,
5.783430591000011,4.084721,359,714421758000,281,False,,,,,,,
5.805644591000011,4.106935,361,714443972000,282,False,,,,,,,
5.827828591000011,4.129119,363,714466156000,283,False,,,,,,,
5.850041591000011,4.151332,365,714488369000,284,False,,,,,,,
5.861128591000011,4.162419,366,714499456000,285,False,,,,,,,
5.87222759100001,4.173518,367,714510555000,286,False,,,,,,,
5.883327591000011,4.184618,368,714521655000,287,False,,,,,,,
5.8944305910000105,4.195721,369,714532758000,288,False,,,,,,,
5.905528591000011,4.206819,370,714543856000,289,False,,,,,,,
5.9166315910000105,4.217922,371,714554959000,290,False,,,,,,,
5.927734591000011,4.229025,372,714566062000,291,False,,,,,,,
5.938821591000011,4.240112,373,714577149000,292,False,,,,,,,
5.9499275910000105,4.251218,374,714588255000,293,False,,,,,,,
5.961025591000011,4.262316,375,714599353000,294,False,,,,,,,
5.972125591000011,4.273416,376,714610453000,295,False,,,,,,,
5.983224591000011,4.284515,377,714621552000,296,False,,,,,,,
5.9943245910000105,4.295615,378,714632652000,297,False,,,,,,,
6.0165265910000105,4.317817,380,714654854000,298,False,,,,,,,
6.02762659100001,4.328917,381,714665954000,299,False,,,,,,,
6.038723591000011,4.340014,382,714677051000,300,False,,,,,,,
6.049823591000011,4.351114,383,714688151000,301,True,580,564,6,10,583.1619567871094,568.8219299316406,0.3333333432674408
6.060924591000011,4.362215,384,714699252000,302,False,,,,,,,
6.072024591000011,4.373315,385,714710352000,303,False,,,,,,,
6.094222591000011,4.395513,387,714732550000,304,False,,,,,,,
6.105321591000011,4.406612,388,714743649000,305,False,,,,,,,
6.116422591000011,4.417713,389,714754750000,306,False,,,,,,,
6.1275215910000105,4.428812,390,714765849000,307,False,,,,,,,
6.149731591000011,4.451022,392,714788059000,308,False,,,,,,,
6.160820591000011,4.462111,393,714799148000,309,True,596,542,10,13,600.6886901855469,548.1085205078125,0.7450980544090271
6.171920591000011,4.473211,394,714810248000,310,True,599,539,10,10,603.8753662109375,543.3284912109375,0.3333333432674408
6.183021591000011,4.484312,395,714821349000,311,False,,,,,,,
6.205224591000011,4.506515,397,714843552000,312,False,,,,,,,
6.2163215910000105,4.517612,398,714854649000,313,False,,,,,,,
6.227419591000011,4.52871,399,714865747000,314,False,,,,,,,
6.238519591000011,4.53981,400,714876847000,315,False,,,,,,,
6.260722591000011,4.562013,402,714899050000,316,False,,,,,,,
6.271821591000011,4.573112,403,714910149000,317,False,,,,,,,
6.282918591000011,4.584209,404,714921246000,318,False,,,,,,,
6.294018591000011,4.595309,405,714932346000,319,False,,,,,,,
6.316220591000011,4.617511,407,714954548000,320,False,,,,,,,
6.32731659100001,4.628607,408,714965644000,321,False,,,,,,,
6.338418591000011,4.639709,409,714976746000,322,False,,,,,,,
6.3495185910000105,4.650809,410,714987846000,323,False,,,,,,,
6.37171959100001,4.67301,412,715010047000,324,False,,,,,,,
6.382816591000011,4.684107,413,715021144000,325,False,,,,,,,
6.3939155910000105,4.695206,414,715032243000,326,False,,,,,,,
6.405014591000011,4.706305,415,715043342000,327,False,,,,,,,
6.4272115910000105,4.728502,417,715065539000,328,False,,,,,,,
6.438319591000011,4.73961,418,715076647000,329,False,,,,,,,
6.449414591000011,4.750705,419,715087742000,330,False,,,,,,,
6.46051359100001,4.761804,420,715098841000,331,False,,,,,,,
6.47161359100001,4.772904,421,715109941000,332,False,,,,,,,
6.482723591000011,4.784014,422,715121051000,333,False,,,,,,,
6.504907591000011,4.806198,424,715143235000,334,False,,,,,,,
6.516013591000011,4.817304,425,715154341000,335,False,,,,,,,
6.527114591000011,4.828405,426,715165442000,336,False,,,,,,,
6.538207591000011,4.839498,427,715176535000,337,False,,,,,,,
6.5604085910000105,4.861699,429,715198736000,338,False,,,,,,,
6.57151459100001,4.872805,430,715209842000,339,False,,,,,,,
6.582612591000011,4.883903,431,715220940000,340,False,,,,,,,
6.593712591000011,4.895003,432,715232040000,341,False,,,,,,,
6.615915591000011,4.917206,434,715254243000,342,False,,,,,,,
6.62700659100001,4.928297,435,715265334000,343,False,,,,,,,
6.638109591000011,4.9394,436,715276437000,344,False,,,,,,,
6.649210591000011,4.950501,437,715287538000,345,False,,,,,,,
6.671408591000011,4.972699,439,715309736000,346,False,,,,,,,
6.682508591000011,4.983799,440,715320836000,347,False,,,,,,,
6.693609591000011,4.9949,441,715331937000,348,False,,,,,,,
6.715809591000011,5.0171,443,715354137000,349,False,,,,,,,
6.726915591000011,5.028206,444,715365243000,350,False,,,,,,,
6.73800759100001,5.039298,445,715376335000,351,False,,,,,,,
6.749107591000011,5.050398,446,715387435000,352,False,,,,,,,
6.760206591000011,5.061497,447,715398534000,353,False,,,,,,,
6.782420591000011,5.083711,449,715420748000,354,False,,,,,,,
6.793504591000011,5.094795,450,715431832000,355,False,,,,,,,
6.80460659100001,5.105897,451,715442934000,356,False,,,,,,,
6.815705591000011,5.116996,452,715454033000,357,False,,,,,,,
6.837907591000011,5.139198,454,715476235000,358,False,,,,,,,
6.849017591000011,5.150308,455,715487345000,359,False,,,,,,,
6.8601045910000105,5.161395,456,715498432000,360,False,,,,,,,
6.871203591000011,5.172494,457,715509531000,361,False,,,,,,,
6.88230559100001,5.183596,458,715520633000,362,False,,,,,,,
6.904499591000011,5.20579,460,715542827000,363,True,363,0,32,6,379.21461486816406,3.1866774559020996,0.2549019753932953
6.915603591000011,5.216894,461,715553931000,364,False,,,,,,,
6.9267035910000105,5.227994,462,715565031000,365,False,,,,,,,
6.937802591000011,5.239093,463,715576130000,366,False,,,,,,,
6.948900591000011,5.250191,464,715587228000,367,False,,,,,,,
6.971101591000011,5.272392,466,715609429000,368,False,,,,,,,
6.9933015910000105,5.294592,468,715631629000,369,False,,,,,,,
7.00440159100001,5.305692,469,715642729000,370,False,,,,,,,
7.015505591000011,5.316796,470,715653833000,371,False,,,,,,,
7.026600591000011,5.327891,471,715664928000,372,False,,,,,,,
7.037700591000011,5.338991,472,715676028000,373,False,,,,,,,
7.048800591000011,5.350091,473,715687128000,374,False,,,,,,,
7.059902591000011,5.361193,474,715698230000,375,False,,,,,,,
7.071003591000011,5.372294,475,715709331000,376,False,,,,,,,
7.093199591000011,5.39449,477,715731527000,377,False,,,,,,,
7.104298591000011,5.405589,478,715742626000,378,False,,,,,,,
7.115399591000011,5.41669,479,715753727000,379,False,,,,,,,
7.137597591000011,5.438888,481,715775925000,380,False,,,,,,,
7.148702591000011,5.449993,482,715787030000,381,False,,,,,,,
7.159797591000011,5.461088,483,715798125000,382,False,,,,,,,
7.170897591000011,5.472188,484,715809225000,383,False,,,,,,,
7.182003591000011,5.483294,485,715820331000,384,False,,,,,,,
7.193097591000011,5.494388,486,715831425000,385,False,,,,,,,
7.204202591000011,5.505493,487,715842530000,386,False,,,,,,,
7.226395591000011,5.527686,489,715864723000,387,False,,,,,,,
7.237495591000011,5.538786,490,715875823000,388,False,,,,,,,
7.248596591000011,5.549887,491,715886924000,389,False,,,,,,,
7.25969459100001,5.560985,492,715898022000,390,False,,,,,,,
7.281899591000011,5.58319,494,715920227000,391,False,,,,,,,
7.29299659100001,5.594287,495,715931324000,392,False,,,,,,,
7.315195591000011,5.616486,497,715953523000,393,False,,,,,,,
7.3263005910000105,5.627591,498,715964628000,394,False,,,,,,,
7.348497591000011,5.649788,500,715986825000,395,False,,,,,,,
7.359592591000011,5.660883,501,715997920000,396,False,,,,,,,
7.392893591000011,5.694184,503,716031221000,397,False,,,,,,,
7.4039935910000105,5.705284,504,716042321000,398,False,,,,,,,
7.426190591000011,5.727481,505,716064518000,399,False,,,,,,,
7.437291591000011,5.738582,506,716075619000,400,False,,,,,,,
7.448397591000011,5.749688,507,716086725000,401,False,,,,,,,
7.45949059100001,5.760781,508,716097818000,402,False,,,,,,,
7.47059059100001,5.771881,509,716108918000,403,False,,,,,,,
7.481709591000011,5.783,510,716120037000,404,False,,,,,,,
7.503897591000011,5.805188,512,716142225000,405,False,,,,,,,
7.5260895910000105,5.82738,514,716164417000,406,False,,,,,,,
7.537187591000011,5.838478,515,716175515000,407,False,,,,,,,
7.54828959100001,5.84958,516,716186617000,408,False,,,,,,,
7.559389591000011,5.86068,517,716197717000,409,False,,,,,,,
7.570488591000011,5.871779,518,716208816000,410,False,,,,,,,
7.581588591000011,5.882879,519,716219916000,411,False,,,,,,,
7.592690591000011,5.893981,520,716231018000,412,False,,,,,,,
7.603786591000011,5.905077,521,716242114000,413,False,,,,,,,
7.614886591000011,5.916177,522,716253214000,414,False,,,,,,,
7.637088591000011,5.938379,524,716275416000,415,False,,,,,,,
7.648189591000011,5.94948,525,716286517000,416,False,,,,,,,
7.67039259100001,5.971683,527,716308720000,417,False,,,,,,,
7.681491591000011,5.982782,528,716319819000,418,False,,,,,,,
7.692585591000011,5.993876,529,716330913000,419,False,,,,,,,
7.703684591000011,6.004975,530,716342012000,420,False,,,,,,,
7.7258915910000105,6.027182,532,716364219000,421,False,,,,,,,
7.736987591000011,6.038278,533,716375315000,422,False,,,,,,,
7.748084591000011,6.049375,534,716386412000,423,False,,,,,,,
7.759184591000011,6.060475,535,716397512000,424,False,,,,,,,
7.770288591000011,6.071579,536,716408616000,425,False,,,,,,,
7.781378591000011,6.082669,537,716419706000,426,False,,,,,,,
7.803581591000011,6.104872,539,716441909000,427,False,,,,,,,
7.814682591000011,6.115973,540,716453010000,428,False,,,,,,,
7.825781591000011,6.127072,541,716464109000,429,False,,,,,,,
7.847990591000011,6.149281,543,716486318000,430,False,,,,,,,
7.85908759100001,6.160378,544,716497415000,431,False,,,,,,,
7.870179591000011,6.17147,545,716508507000,432,False,,,,,,,
7.881280591000011,6.182571,546,716519608000,433,False,,,,,,,
7.892379591000011,6.19367,547,716530707000,434,False,,,,,,,
7.914587591000011,6.215878,549,716552915000,435,True,612,491,3,6,613.4353942871094,493.93499755859375,0.2549019753932953
7.925674591000011,6.226965,550,716564002000,436,False,,,,,,,
7.947878591000011,6.249169,552,716586206000,437,False,,,,,,,
7.958978591000011,6.260269,553,716597306000,438,False,,,,,,,
7.970077591000011,6.271368,554,716608405000,439,False,,,,,,,
7.9811775910000105,6.282468,555,716619505000,440,False,,,,,,,
7.9922785910000105,6.293569,556,716630606000,441,False,,,,,,,
8.003378591000011,6.304669,557,716641706000,442,False,,,,,,,
8.025585591000011,6.326876,559,716663913000,443,False,,,,,,,
8.03668259100001,6.337973,560,716675010000,444,False,,,,,,,
8.05887859100001,6.360169,562,716697206000,445,False,,,,,,,
8.06997659100001,6.371267,563,716708304000,446,False,,,,,,,
8.081075591000012,6.382366,564,716719403000,447,False,,,,,,,
8.09217559100001,6.393466,565,716730503000,448,False,,,,,,,
8.11437659100001,6.415667,567,716752704000,449,False,,,,,,,
8.136573591000012,6.437864,569,716774901000,450,False,,,,,,,
8.14767359100001,6.448964,570,716786001000,451,False,,,,,,,
8.158775591000012,6.460066,571,716797103000,452,False,,,,,,,
8.16986859100001,6.471159,572,716808196000,453,False,,,,,,,
8.180973591000011,6.482264,573,716819301000,454,False,,,,,,,
8.19207559100001,6.493366,574,716830403000,455,False,,,,,,,
8.203172591000012,6.504463,575,716841500000,456,False,,,,,,,
8.214273591000012,6.515564,576,716852601000,457,False,,,,,,,
8.23647659100001,6.537767,578,716874804000,458,False,,,,,,,
8.24757059100001,6.548861,579,716885898000,459,False,,,,,,,
8.25867159100001,6.559962,580,716896999000,460,False,,,,,,,
8.28087459100001,6.582165,582,716919202000,461,False,,,,,,,
8.29196859100001,6.593259,583,716930296000,462,False,,,,,,,
8.30306959100001,6.60436,584,716941397000,463,False,,,,,,,
8.31417059100001,6.615461,585,716952498000,464,True,245,0,19,6,254.93419647216797,3.1866774559020996,0.2549019753932953
8.32526959100001,6.62656,586,716963597000,465,False,,,,,,,
8.34746959100001,6.64876,588,716985797000,466,False,,,,,,,
8.358568591000012,6.659859,589,716996896000,467,False,,,,,,,
8.380770591000012,6.682061,591,717019098000,468,False,,,,,,,
