elapsed_s,x,y,yaw,ball_x,ball_y,ball_captured,bot_mode,steering_state,direction,speed,rotation,kick,dribbler
1.1209894699999268,1117.3260498046875,385.3995056152344,-3.075407028198242,,,False,DEFENCE,False,52.83601546418429,0,0,False,False
1.1226524169999266,1117.31787109375,385.4001159667969,-3.080798625946045,,,False,DEFENCE,False,52.835416097122256,0,0,False,False
1.1251205169999139,1117.3082275390625,385.38458251953125,-3.081404685974121,,,False,DEFENCE,False,52.83556395685761,0,0,False,False
1.127913168999953,1117.3250732421875,385.3817443847656,-3.0766515731811523,,,False,DEFENCE,False,52.83688157421518,0,0,False,False
1.1294110349999755,1117.31884765625,385.3834533691406,-3.066986322402954,,,False,DEFENCE,False,52.836359918469675,0,0,False,False
1.1308659779999743,1117.3330078125,385.3895568847656,-3.0661733150482178,,,False,DEFENCE,False,52.83702116183883,0,0,False,False
1.1323151799999778,1117.32958984375,385.3828125,-3.0714709758758545,,,False,DEFENCE,False,52.83713868812727,0,0,False,False
1.1338997999999947,1117.3226318359375,385.37994384765625,-3.0700862407684326,,,False,DEFENCE,False,52.836806905299504,0,0,False,False
1.1353813889999174,1117.322998046875,385.3656921386719,-3.0711538791656494,,,False,DEFENCE,False,52.83758159645856,0,0,False,False
1.1368153149999216,1117.3372802734375,385.38031005859375,-3.0752999782562256,,,False,DEFENCE,False,52.837803671559,0,0,False,False
1.1385774039999887,1117.3314208984375,385.3736267089844,-3.0766987800598145,,,False,DEFENCE,False,52.83774864223799,0,0,False,False
1.1399982749999253,1117.3482666015625,385.37335205078125,-3.0764143466949463,,,False,DEFENCE,False,52.83893152287694,0,0,False,False
1.1557573649999995,1114.624755859375,383.17926025390625,-2.204979181289673,,,False,DEFENCE,False,52.765753247128465,0,0,False,False
1.1575226950000115,1114.6416015625,383.21673583984375,-2.196195602416992,,,False,DEFENCE,False,52.76495107534083,0,0,False,False
1.1589831000000004,1114.6231689453125,383.2225036621094,-2.191088914871216,,,False,DEFENCE,False,52.76337806989479,0,0,False,False
1.1603987119999601,1114.6083984375,383.2237854003906,-2.1919264793395996,,,False,DEFENCE,False,52.76229262721664,0,0,False,False
1.1627544859999261,1114.60791015625,383.21337890625,-2.193211555480957,,,False,DEFENCE,False,52.76280425158674,0,0,False,False
1.1641746899999816,1114.578125,383.1909484863281,-2.1907598972320557,,,False,DEFENCE,False,52.761926254630986,0,0,False,False
1.1655775809999795,1114.583984375,383.19097900390625,-2.1933023929595947,,,False,DEFENCE,False,52.762328569531874,0,0,False,False
1.1671411089999992,1114.571533203125,383.1832275390625,-2.194516658782959,,,False,DEFENCE,False,52.76187640294576,0,0,False,False
1.1700794739999765,1114.5711669921875,383.1819152832031,-2.196667194366455,,,False,DEFENCE,False,52.761919915020975,0,0,False,False
1.173607746000016,1114.57861328125,383.1616516113281,-2.1923813819885254,,,False,DEFENCE,False,52.76349490410677,0,0,False,False
1.1750249499999654,1114.5703125,383.1737976074219,-2.16754150390625,,,False,DEFENCE,False,52.76228633643206,0,0,False,False
1.176445617000013,1114.569580078125,383.1628112792969,-2.154189348220825,,,False,DEFENCE,False,52.762811462367516,0,0,False,False
1.1778452669999524,1114.568115234375,383.1687316894531,-2.1449222564697266,,,False,DEFENCE,False,52.76240029734618,0,0,False,False
1.179262601000005,1114.5614013671875,383.17413330078125,-2.1310384273529053,,,False,DEFENCE,False,52.761654484603966,0,0,False,False
1.180658343999994,1114.5762939453125,383.158447265625,-2.114924669265747,,,False,DEFENCE,False,52.76350290819737,0,0,False,False
1.1830043029999615,1114.577880859375,383.1482849121094,-2.104952812194824,,,False,DEFENCE,False,52.764144719531636,0,0,False,False
1.1856014129999721,1114.5728759765625,383.1376037597656,-2.087944746017456,,,False,DEFENCE,False,52.7643593098593,0,0,False,False
1.1870261349999964,1114.5791015625,383.1412048339844,-2.0714111328125,,,False,DEFENCE,False,52.76459979370855,0,0,False,False
1.1884390249999797,1114.585693359375,383.15887451171875,-2.0574889183044434,,,False,DEFENCE,False,52.764128458422306,0,0,False,False
1.1898538039999949,1114.559814453125,383.1595153808594,-2.0510170459747314,,,False,DEFENCE,False,52.762310984569,0,0,False,False
1.1912723599999708,1114.579345703125,383.16375732421875,-2.0444276332855225,,,False,DEFENCE,False,52.76343506864733,0,0,False,False
1.1926836210000147,1114.587646484375,383.14849853515625,-2.0347740650177,,,False,DEFENCE,False,52.76480670505808,0,0,False,False
1.1940897889999178,1114.586669921875,383.1386413574219,-2.0247855186462402,,,False,DEFENCE,False,52.76525580354801,0,0,False,False
1.1957029069999408,1114.5863037109375,383.1453552246094,-2.01841139793396,,,False,DEFENCE,False,52.76487882161527,0,0,False,False
1.1971147219999239,1114.5732421875,383.14935302734375,-2.0079402923583984,,,False,DEFENCE,False,52.76376900482195,0,0,False,False
1.1985303339999973,1114.5672607421875,383.1497497558594,-1.9968129396438599,,,False,DEFENCE,False,52.763335907764976,0,0,False,False
1.2008629429999473,1114.5645751953125,383.1399230957031,-1.9891763925552368,,,False,DEFENCE,False,52.76366561669369,0,0,False,False
1.2022741659999383,1114.581298828125,383.12481689453125,-1.975525140762329,,,False,DEFENCE,False,52.765609801495366,0,0,False,False
1.203697702999989,1114.5966796875,383.125732421875,-1.959510087966919,,,False,DEFENCE,False,52.76662209326395,0,0,False,False
1.2051142599999594,1114.583984375,383.1170959472656,-1.9479721784591675,,,False,DEFENCE,False,52.766199401557635,0,0,False,False
1.2066762700000027,1114.5859375,383.13116455078125,-1.9386775493621826,,,False,DEFENCE,False,52.765597016507385,0,0,False,False
1.20809158499992,1114.5927734375,383.1301574707031,-1.9272252321243286,,,False,DEFENCE,False,52.766121001221144,0,0,False,False
1.2095054750000145,1114.592041015625,383.1231384277344,-1.9126603603363037,,,False,DEFENCE,False,52.76643822331502,0,0,False,False
1.2109016809999957,1114.6021728515625,383.1319885253906,-1.9008018970489502,,,False,DEFENCE,False,52.76667302094151,0,0,False,False
1.212296849999916,1114.6004638671875,383.14410400390625,-1.8927443027496338,,,False,DEFENCE,False,52.76592049720158,0,0,False,False
1.2137012399999776,1114.5853271484375,383.1385498046875,-1.8849332332611084,,,False,DEFENCE,False,52.765168037956784,0,0,False,False
1.2151009269999804,1114.587646484375,383.1369934082031,-1.872387409210205,,,False,DEFENCE,False,52.76540945617307,0,0,False,False
1.216508150999971,1114.5859375,383.1321716308594,-1.8642518520355225,,,False,DEFENCE,False,52.765544257145784,0,0,False,False
1.2189314390000163,1114.5941162109375,383.1404113769531,-1.8554627895355225,,,False,DEFENCE,False,52.76567637609758,0,0,False,False
1.2232739159999255,1114.5986328125,383.1394348144531,-1.8401576280593872,,,False,DEFENCE,False,52.76603888829794,0,0,False,False
1.2259702970000035,1114.58251953125,383.1419982910156,-1.8069918155670166,,,False,DEFENCE,False,52.764793835019155,0,0,False,False
1.227386853999974,1114.5682373046875,383.1299743652344,-1.810373306274414,,,False,DEFENCE,False,52.764439258398255,0,0,False,False
1.2288011140000208,1114.5689697265625,383.1468811035156,-1.8110923767089844,,,False,DEFENCE,False,52.76360400269914,0,0,False,False
1.2302160959999355,1114.5709228515625,383.1579284667969,-1.810858964920044,,,False,DEFENCE,False,52.76315984601788,0,0,False,False
1.2316139499999963,1114.580322265625,383.1585388183594,-1.8099647760391235,,,False,DEFENCE,False,52.76377579638972,0,0,False,False
1.233010118999914,1114.564697265625,383.1563720703125,-1.8094279766082764,,,False,DEFENCE,False,52.76281224844716,0,0,False,False
1.2349904909999623,1114.569091796875,383.1568603515625,-1.8063368797302246,,,False,DEFENCE,False,52.76308958858494,0,0,False,False
1.2367846149999195,1114.5732421875,383.15509033203125,-1.8089503049850464,,,False,DEFENCE,False,52.76346841892087,0,0,False,False
1.238198968000006,1114.55322265625,383.1561584472656,-1.8092821836471558,,,False,DEFENCE,False,52.76203248853779,0,0,False,False
1.2396190800000113,1114.550048828125,383.14666748046875,-1.8070696592330933,,,False,DEFENCE,False,52.76231097004745,0,0,False,False
1.2410129709999183,1114.556396484375,383.1625671386719,-1.8040106296539307,,,False,DEFENCE,False,52.76191549046803,0,0,False,False
1.2563826969999354,1116.764404296875,375.5762023925781,-1.0820767879486084,,,False,DEFENCE,False,53.3076940099269,0,0,False,False
1.2581233810000185,1116.7440185546875,375.5788879394531,-1.0859426259994507,,,False,DEFENCE,False,53.30615082694995,0,0,False,False
1.2595614360000127,1116.7720947265625,375.5609130859375,-1.0914298295974731,,,False,DEFENCE,False,53.30900948705561,0,0,False,False
1.2619035799999665,1116.7662353515625,375.5509948730469,-1.0932637453079224,,,False,DEFENCE,False,53.3091150233183,0,0,False,False
1.2633203030000004,1116.781982421875,375.5418701171875,-1.0930646657943726,,,False,DEFENCE,False,53.31066919752332,0,0,False,False
1.2647391560000187,1116.7850341796875,375.5318298339844,-1.0900356769561768,,,False,DEFENCE,False,53.31139525105362,0,0,False,False
1.266157729999918,1116.7841796875,375.5276794433594,-1.0866798162460327,,,False,DEFENCE,False,53.3115495133486,0,0,False,False
1.2675767499999893,1116.7850341796875,375.5356140136719,-1.0889476537704468,,,False,DEFENCE,False,53.311200892033675,0,0,False,False
1.2705444270000044,1116.8106689453125,375.534912109375,-1.088333010673523,,,False,DEFENCE,False,53.313004100255455,0,0,False,False
1.2746573969999417,1116.816650390625,375.5128173828125,-1.0885272026062012,,,False,DEFENCE,False,53.31455120191664,0,0,False,False
1.2760609349999186,1116.8006591796875,375.5291442871094,-1.093413233757019,,,False,DEFENCE,False,53.312610293844756,0,0,False,False
1.2774865259999615,1116.80712890625,375.5440979003906,-1.0938042402267456,,,False,DEFENCE,False,53.312288269446036,0,0,False,False
1.2789088769999353,1116.8128662109375,375.5384521484375,-1.0945762395858765,,,False,DEFENCE,False,53.31297375730032,0,0,False,False
1.280320321999966,1116.80615234375,375.54083251953125,-1.0900843143463135,,,False,DEFENCE,False,53.312388661773014,0,0,False,False
1.2826579829999218,1116.8143310546875,375.5487060546875,-1.0903706550598145,,,False,DEFENCE,False,53.312548089124,0,0,False,False
1.2840524470000219,1116.79833984375,375.52899169921875,-1.0935149192810059,,,False,DEFENCE,False,53.312458245070765,0,0,False,False
1.2862154339999279,1116.777099609375,375.51971435546875,-1.099283218383789,,,False,DEFENCE,False,53.311470545045026,0,0,False,False
1.2876242309999952,1116.7757568359375,375.5047302246094,-1.097347617149353,,,False,DEFENCE,False,53.31214754829256,0,0,False,False
1.2890378600000076,1116.78173828125,375.494384765625,-1.0973024368286133,,,False,DEFENCE,False,53.313091174348976,0,0,False,False
1.2904585069999257,1116.7862548828125,375.48406982421875,-1.0974600315093994,,,False,DEFENCE,False,53.313932244092086,0,0,False,False
1.2918538420000232,1116.7774658203125,375.4882507324219,-1.1026471853256226,,,False,DEFENCE,False,53.313111683373705,0,0,False,False
1.2932720819999304,1116.7840576171875,375.49346923828125,-1.098986029624939,,,False,DEFENCE,False,53.31329807015824,0,0,False,False
1.2946694159999197,1116.7796630859375,375.49951171875,-1.1021784543991089,,,False,DEFENCE,False,53.31268482339328,0,0,False,False
1.296248386000002,1116.776123046875,375.5009765625,-1.1013413667678833,,,False,DEFENCE,False,53.312365570525216,0,0,False,False
1.297649015999923,1116.768798828125,375.504150390625,-1.1020407676696777,,,False,DEFENCE,False,53.31169770002911,0,0,False,False
1.2990803299999243,1116.769775390625,375.506103515625,-1.1053632497787476,,,False,DEFENCE,False,53.31166470723335,0,0,False,False
1.3005129209999495,1116.764404296875,375.4919738769531,-1.103208303451538,,,False,DEFENCE,False,53.31202013345845,0,0,False,False
1.3028522859999612,1116.75927734375,375.4938049316406,-1.1070349216461182,,,False,DEFENCE,False,53.31157269568458,0,0,False,False
1.304265303999955,1116.7509765625,375.4845886230469,-1.1053886413574219,,,False,DEFENCE,False,53.311473848759995,0,0,False,False
1.3056807109999227,1116.746337890625,375.4924011230469,-1.1045653820037842,,,False,DEFENCE,False,53.31075288937258,0,0,False,False
1.3072636250000187,1116.748779296875,375.4949645996094,-1.1057255268096924,,,False,DEFENCE,False,53.310789517789225,0,0,False,False
1.308659218999992,1116.748291015625,375.50714111328125,-1.1045856475830078,,,False,DEFENCE,False,53.31013049682431,0,0,False,False
1.3100624049999396,1116.736083984375,375.49859619140625,-1.1050629615783691,,,False,DEFENCE,False,53.309727947728774,0,0,False,False
1.3114665529999456,1116.7242431640625,375.4955139160156,-1.1046841144561768,,,False,DEFENCE,False,53.30907010561859,0,0,False,False
1.312864998000009,1116.73046875,375.4961242675781,-1.1065503358840942,,,False,DEFENCE,False,53.30946786258759,0,0,False,False
1.314283330999956,1116.73876953125,375.4862060546875,-1.111053228378296,,,False,DEFENCE,False,53.31054938180371,0,0,False,False
1.3156798869999875,1116.7001953125,375.4869384765625,-1.10884428024292,,,False,DEFENCE,False,53.30785305731294,0,0,False,False
1.3170831649999855,1116.7122802734375,375.4728088378906,-1.1143743991851807,,,False,DEFENCE,False,53.30941164310477,0,0,False,False
1.3194968399999425,1116.703369140625,375.48687744140625,-1.1154810190200806,,,False,DEFENCE,False,53.30807493961534,0,0,False,False
1.3237611899999138,1116.7218017578125,375.4946594238281,-1.116437554359436,,,False,DEFENCE,False,53.308945716450985,0,0,False,False
1.326463252999929,1116.7154541015625,375.4529113769531,-1.1184993982315063,,,False,DEFENCE,False,53.31065222294526,0,0,False,False
1.327869752999959,1116.6949462890625,375.4449462890625,-1.1213747262954712,,,False,DEFENCE,False,53.309647831072596,0,0,False,False
1.3292716979999568,1116.70556640625,375.45037841796875,-1.119274616241455,,,False,DEFENCE,False,53.310100818515906,0,0,False,False
1.3306829939999716,1116.713134765625,375.4428405761719,-1.1160145998001099,,,False,DEFENCE,False,53.311009533879826,0,0,False,False
1.3320795129999397,1116.722900390625,375.45196533203125,-1.1171797513961792,,,False,DEFENCE,False,53.31121402766387,0,0,False,False
1.3468475619999936,1118.9881591796875,370.7419128417969,0.2651991546154022,,,False,DEFENCE,False,53.70777178245756,0,0,False,False
1.3495654199999763,1118.9727783203125,370.7393798828125,0.25505825877189636,,,False,DEFENCE,False,53.706838530997516,0,0,False,False
1.350980327000002,1118.9903564453125,370.7517395019531,0.25844907760620117,,,False,DEFENCE,False,53.707425336448345,0,0,False,False
1.3523968270000069,1118.99658203125,370.76300048828125,0.2590143382549286,,,False,DEFENCE,False,53.70728423298651,0,0,False,False
1.3538386579999724,1118.9918212890625,370.7524719238281,0.25733187794685364,,,False,DEFENCE,False,53.70748932129817,0,0,False,False
1.3552588789999618,1118.986083984375,370.77630615234375,0.2536895275115967,,,False,DEFENCE,False,53.70588509290545,0,0,False,False
1.3566644349999706,1118.9859619140625,370.7811279296875,0.2567683160305023,,,False,DEFENCE,False,53.7056322320125,0,0,False,False
1.3580605839999862,1118.9730224609375,370.7876892089844,0.25236186385154724,,,False,DEFENCE,False,53.704406457929416,0,0,False,False
1.3604593339999838,1118.9833984375,370.7674560546875,0.25076940655708313,,,False,DEFENCE,False,53.70614836087715,0,0,False,False
1.3631600819999221,1118.962646484375,370.7556457519531,0.2470763921737671,,,False,DEFENCE,False,53.70531467561643,0,0,False,False
1.3645838959999992,1118.963134765625,370.75299072265625,0.24265894293785095,,,False,DEFENCE,False,53.70548296619274,0,0,False,False
1.366008136000005,1118.9609375,370.75665283203125,0.2429082691669464,,,False,DEFENCE,False,53.705145666834824,0,0,False,False
1.36742196900002,1118.966552734375,370.77099609375,0.24453391134738922,,,False,DEFENCE,False,53.704806142817574,0,0,False,False
1.3688383759999851,1118.9700927734375,370.7859191894531,0.2441568374633789,,,False,DEFENCE,False,53.70429396966095,0,0,False,False
1.3702538759999925,1118.9696044921875,370.78436279296875,0.24016395211219788,,,False,DEFENCE,False,53.70433916846719,0,0,False,False
1.372209321000014,1118.9791259765625,370.7864685058594,0.23946397006511688,,,False,DEFENCE,False,53.704889637514675,0,0,False,False
1.3759685559999753,1118.98388671875,370.79339599609375,0.23620131611824036,,,False,DEFENCE,False,53.704867059349525,0,0,False,False
1.3773666859999594,1118.9764404296875,370.8077392578125,0.2349325567483902,,,False,DEFENCE,False,53.70362591322726,0,0,False,False
1.3787753159999738,1118.9718017578125,370.80401611328125,0.23546575009822845,,,False,DEFENCE,False,53.70349448121654,0,0,False,False
1.3810885529999268,1118.984619140625,370.8019104003906,0.23896533250808716,,,False,DEFENCE,False,53.70448596691703,0,0,False,False
1.3824888679999958,1118.9893798828125,370.8100280761719,0.24527589976787567,,,False,DEFENCE,False,53.704403043650395,0,0,False,False
1.383909737999943,1118.9803466796875,370.78887939453125,0.24359875917434692,,,False,DEFENCE,False,53.704851676560274,0,0,False,False
1.3853154419999782,1118.97900390625,370.81378173828125,0.23961244523525238,,,False,DEFENCE,False,53.70349651754276,0,0,False,False
1.3870575309999822,1118.9866943359375,370.8211364746094,0.23873551189899445,,,False,DEFENCE,False,53.70365448911491,0,0,False,False
1.3884523469999976,1119.008056640625,370.8135070800781,0.23683121800422668,,,False,DEFENCE,False,53.70551590083837,0,0,False,False
1.3898558099999718,1119.01171875,370.81463623046875,0.2364342212677002,,,False,DEFENCE,False,53.70571145220583,0,0,False,False
1.3912701429999288,1119.0172119140625,370.8146667480469,0.23817507922649384,,,False,DEFENCE,False,53.70608910267642,0,0,False,False
1.3926819019999357,1119.004150390625,370.8252868652344,0.2377871870994568,,,False,DEFENCE,False,53.70464903932466,0,0,False,False
1.3941504169999916,1119.013427734375,370.8333740234375,0.24048110842704773,,,False,DEFENCE,False,53.704879447941295,0,0,False,False
1.3956046539999534,1118.9852294921875,370.8288269042969,0.24368830025196075,,,False,DEFENCE,False,53.70316347264009,0,0,False,False
1.3972293809999883,1118.9970703125,370.82830810546875,0.24643723666667938,,,False,DEFENCE,False,53.70400712979038,0,0,False,False
1.3986879889999955,1118.9942626953125,370.83416748046875,0.24839964509010315,,,False,DEFENCE,False,53.70351625212594,0,0,False,False
1.4010668139999325,1119.00341796875,370.8316345214844,0.2474258542060852,,,False,DEFENCE,False,53.70427665827818,0,0,False,False
1.4024842579999586,1118.9986572265625,370.864013671875,0.24858227372169495,,,False,DEFENCE,False,53.70230634079898,0,0,False,False
1.4039024239999662,1118.9857177734375,370.8621520996094,0.25034859776496887,,,False,DEFENCE,False,53.70150752010489,0,0,False,False
1.4053212569999687,1118.9874267578125,370.86248779296875,0.24934732913970947,,,False,DEFENCE,False,53.701608468957815,0,0,False,False
1.4067436079999425,1118.9871826171875,370.8576354980469,0.24964486062526703,,,False,DEFENCE,False,53.70183764602196,0,0,False,False
1.4084735870000031,1118.9979248046875,370.8551330566406,0.25099825859069824,,,False,DEFENCE,False,53.70270605818578,0,0,False,False
1.4112054629999875,1118.990234375,370.8460693359375,0.2524721324443817,,,False,DEFENCE,False,53.702634742539516,0,0,False,False
1.4126037600000245,1118.994140625,370.82183837890625,0.253293514251709,,,False,DEFENCE,False,53.70413290679986,0,0,False,False
1.414007407999975,1118.982177734375,370.8222961425781,0.25567108392715454,,,False,DEFENCE,False,53.70328392545031,0,0,False,False
1.4154845699999896,1118.981689453125,370.81463623046875,0.2530193626880646,,,False,DEFENCE,False,53.70363857034843,0,0,False,False
1.41694325200001,1118.9810791015625,370.8078308105469,0.25112369656562805,,,False,DEFENCE,False,53.70394146158546,0,0,False,False
1.4183715839999422,1118.9822998046875,370.8150329589844,0.24881193041801453,,,False,DEFENCE,False,53.70366058745999,0,0,False,False
1.4198087309999892,1118.994873046875,370.8037109375,0.24864071607589722,,,False,DEFENCE,False,53.70510248551911,0,0,False,False
1.4253683099999535,1119.0115966796875,370.8080139160156,0.25186842679977417,,,False,DEFENCE,False,53.70603875670767,0,0,False,False
1.426805270999921,1118.999755859375,370.8145446777344,0.2542903423309326,,,False,DEFENCE,False,53.704890298322994,0,0,False,False
1.4282336589999431,1119.0018310546875,370.8275146484375,0.2519712746143341,,,False,DEFENCE,False,53.70437598923989,0,0,False,False
1.429648565999969,1119.0172119140625,370.82110595703125,0.25208157300949097,,,False,DEFENCE,False,53.70576265071338,0,0,False,False
1.4310629540000264,1119.0267333984375,370.80780029296875,0.253884881734848,,,False,DEFENCE,False,53.70709449149922,0,0,False,False
1.4324611029999232,1119.024169921875,370.8055419921875,0.2543759047985077,,,False,DEFENCE,False,53.707032016404725,0,0,False,False
1.433883121000008,1119.01904296875,370.8019714355469,0.25438186526298523,,,False,DEFENCE,False,53.70685910790943,0,0,False,False
1.435291953999922,1119.02978515625,370.80706787109375,0.2550852596759796,,,False,DEFENCE,False,53.707342291878,0,0,False,False
1.4369277729999794,1119.025634765625,370.7900695800781,0.2550722658634186,,,False,DEFENCE,False,53.707917507191574,0,0,False,False
1.438347308999937,1119.008544921875,370.7826843261719,0.25725170969963074,,,False,DEFENCE,False,53.70711217998122,0,0,False,False
1.452473935999933,1119.249267578125,364.94281005859375,0.450359970331192,,,False,DEFENCE,False,54.01765119356526,0,0,False,False
1.4554886639999722,1119.28955078125,364.9162902832031,0.44784998893737793,,,False,DEFENCE,False,54.02174935703199,0,0,False,False
1.4569050899999638,1119.2926025390625,364.9003601074219,0.4439736306667328,,,False,DEFENCE,False,54.02275547652103,0,0,False,False
1.458332569999925,1119.2965087890625,364.8909606933594,0.44078588485717773,,,False,DEFENCE,False,54.02349404974145,0,0,False,False
1.4597403660000055,1119.3001708984375,364.9088134765625,0.44140467047691345,,,False,DEFENCE,False,54.02285403377955,0,0,False,False
1.4620957490000137,1119.302734375,364.8997497558594,0.4424259066581726,,,False,DEFENCE,False,54.023483411918136,0,0,False,False
1.463494563999916,1119.2835693359375,364.9253234863281,0.4424225687980652,,,False,DEFENCE,False,54.02088620571921,0,0,False,False
1.4668055129999402,1119.2711181640625,364.92315673828125,0.44298604130744934,,,False,DEFENCE,False,54.020137414369714,0,0,False,False
1.468435609999915,1119.275146484375,364.9124755859375,0.44470274448394775,,,False,DEFENCE,False,54.02094846872167,0,0,False,False
1.4698626269999977,1119.2791748046875,364.92889404296875,0.4430925250053406,,,False,DEFENCE,False,54.02040527287357,0,0,False,False
1.4712696089999326,1119.2894287109375,364.9221496582031,0.4408917725086212,,,False,DEFENCE,False,54.02144814626639,0,0,False,False
1.4726662389999774,1119.2935791015625,364.9315490722656,0.43881911039352417,,,False,DEFENCE,False,54.02126412366707,0,0,False,False
1.4740888489999406,1119.291015625,364.9210205078125,0.4416622221469879,,,False,DEFENCE,False,54.021613809994435,0,0,False,False
1.4755004419999977,1119.2960205078125,364.92620849609375,0.4414846897125244,,,False,DEFENCE,False,54.021699069816606,0,0,False,False
1.4769008129999293,1119.2935791015625,364.93072509765625,0.4383447468280792,,,False,DEFENCE,False,54.02130530083213,0,0,False,False
1.4786641779999172,1119.2734375,364.9315185546875,0.4384600520133972,,,False,DEFENCE,False,54.019879188713645,0,0,False,False
1.4816708509999899,1119.2921142578125,364.94024658203125,0.4365932047367096,,,False,DEFENCE,False,54.02072863524175,0,0,False,False
1.4840254370000139,1119.291748046875,364.9481506347656,0.4341151714324951,,,False,DEFENCE,False,54.02030841765029,0,0,False,False
1.4854203830000188,1119.29443359375,364.9442443847656,0.4294682741165161,,,False,DEFENCE,False,54.02068850102339,0,0,False,False
1.486822716000006,1119.290771484375,364.9598083496094,0.42823073267936707,,,False,DEFENCE,False,54.019658579912324,0,0,False,False
1.488214735999918,1119.3016357421875,364.9587097167969,0.42765238881111145,,,False,DEFENCE,False,54.02046136288679,0,0,False,False
1.4896330689999786,1119.28173828125,364.9786071777344,0.4230618476867676,,,False,DEFENCE,False,54.01809721657466,0,0,False,False
1.4910477539999647,1119.2950439453125,364.9631652832031,0.4240155518054962,,,False,DEFENCE,False,54.019784916182395,0,0,False,False
1.4936023449999993,1119.2994384765625,364.95849609375,0.42744699120521545,,,False,DEFENCE,False,54.02032078208805,0,0,False,False
1.4950155669999958,1119.285888671875,364.98431396484375,0.42800042033195496,,,False,DEFENCE,False,54.01809769296592,0,0,False,False
1.4964288630000055,1119.2860107421875,364.9888610839844,0.4271601438522339,,,False,DEFENCE,False,54.01787882746863,0,0,False,False
1.497845343999984,1119.2962646484375,364.99176025390625,0.42755773663520813,,,False,DEFENCE,False,54.018439791143436,0,0,False,False
1.4992418819999784,1119.30224609375,365.00311279296875,0.42798087000846863,,,False,DEFENCE,False,54.018284136793255,0,0,False,False
1.5006396979999863,1119.2744140625,365.0094909667969,0.42658475041389465,,,False,DEFENCE,False,54.01604940295117,0,0,False,False
1.5029900989999305,1119.274169921875,365.0031433105469,0.4267752170562744,,,False,DEFENCE,False,54.016349875708,0,0,False,False
1.5055238950000103,1119.2584228515625,364.9896240234375,0.42668506503105164,,,False,DEFENCE,False,54.01594163952718,0,0,False,False
1.5069400059999225,1119.2462158203125,365.02972412109375,0.4268181324005127,,,False,DEFENCE,False,54.013096970862094,0,0,False,False
1.508351227999924,1119.2369384765625,365.025390625,0.4282153844833374,,,False,DEFENCE,False,54.01267499122637,0,0,False,False
1.509751913999935,1119.2412109375,365.0191650390625,0.42973169684410095,,,False,DEFENCE,False,54.013280278939135,0,0,False,False
1.511165986999913,1119.2340087890625,365.0190124511719,0.4279519021511078,,,False,DEFENCE,False,54.01279215682785,0,0,False,False
1.5125787459999174,1119.2413330078125,365.0145263671875,0.427651047706604,,,False,DEFENCE,False,54.013520550936626,0,0,False,False
1.5139866719999873,1119.23095703125,365.0162353515625,0.42721423506736755,,,False,DEFENCE,False,54.01272091332715,0,0,False,False
1.515912008999976,1119.2333984375,365.0101623535156,0.42798182368278503,,,False,DEFENCE,False,54.01319252722177,0,0,False,False
1.5183081289999336,1119.2138671875,365.0228271484375,0.4289683997631073,,,False,DEFENCE,False,54.011215083943995,0,0,False,False
1.5197639040000013,1119.1986083984375,365.02471923828125,0.42896491289138794,,,False,DEFENCE,False,54.01007023951512,0,0,False,False
1.5221548949999715,1119.1973876953125,365.0315856933594,0.43387219309806824,,,False,DEFENCE,False,54.0096429708605,0,0,False,False
1.5235986709999452,1119.2103271484375,365.02801513671875,0.43537604808807373,,,False,DEFENCE,False,54.01071208155216,0,0,False,False
1.5250348170000052,1119.2086181640625,365.032470703125,0.43904125690460205,,,False,DEFENCE,False,54.010371721730685,0,0,False,False
1.5264958320000233,1119.20068359375,365.0166931152344,0.43891605734825134,,,False,DEFENCE,False,54.01061428514293,0,0,False,False
1.5279211829999895,1119.212158203125,365.0190734863281,0.4402126967906952,,,False,DEFENCE,False,54.0112850905763,0,0,False,False
1.5313201259999687,1119.2259521484375,365.00042724609375,0.44068512320518494,,,False,DEFENCE,False,54.01316659540861,0,0,False,False
1.5337753719999228,1119.230224609375,365.0352783203125,0.4425128698348999,,,False,DEFENCE,False,54.011718585230795,0,0,False,False
1.5352464049999526,1119.2091064453125,365.0540466308594,0.4468774199485779,,,False,DEFENCE,False,54.00932673696392,0,0,False,False
1.5366761629999246,1119.20751953125,365.0582275390625,0.4487448036670685,,,False,DEFENCE,False,54.00900849463286,0,0,False,False
1.5381015319999278,1119.21044921875,365.0524597167969,0.44722968339920044,,,False,DEFENCE,False,54.00949849477477,0,0,False,False
1.5531101939999417,1117.0015869140625,358.29595947265625,0.5870402455329895,,,False,DEFENCE,False,54.19337999867327,0,0,False,False
1.5566253709999955,1117.0303955078125,358.31134033203125,0.58454829454422,,,False,DEFENCE,False,54.19458993274197,0,0,False,False
1.5580750899999884,1117.0360107421875,358.2899169921875,0.5770273804664612,,,False,DEFENCE,False,54.19602913153481,0,0,False,False
1.5595127550000143,1117.0367431640625,358.302001953125,0.5833839178085327,,,False,DEFENCE,False,54.19548368909277,0,0,False,False
1.561953872999993,1117.0296630859375,358.2961730957031,0.5824867486953735,,,False,DEFENCE,False,54.1952872690311,0,0,False,False
1.563410814000008,1117.0174560546875,358.3081970214844,0.5822426080703735,,,False,DEFENCE,False,54.19386094905943,0,0,False,False
1.564811036999913,1117.008056640625,358.2969055175781,0.5821365714073181,,,False,DEFENCE,False,54.19377530100891,0,0,False,False
1.5674499929999683,1117.010498046875,358.28424072265625,0.5814640522003174,,,False,DEFENCE,False,54.194566113384624,0,0,False,False
1.5690449620000209,1117.017822265625,358.28485107421875,0.5821890830993652,,,False,DEFENCE,False,54.19503632944895,0,0,False,False
1.570474886999932,1117.0264892578125,358.2909240722656,0.5839005708694458,,,False,DEFENCE,False,54.19532911061135,0,0,False,False
1.571893589999945,1117.0244140625,358.30474853515625,0.5845293998718262,,,False,DEFENCE,False,54.194506163116955,0,0,False,False
1.5733226439999726,1117.028564453125,358.3011169433594,0.582169771194458,,,False,DEFENCE,False,54.194968617124964,0,0,False,False
1.5747226999999384,1117.0323486328125,358.2919006347656,0.582061767578125,,,False,DEFENCE,False,54.19568123602027,0,0,False,False
1.5761454029999413,1117.01708984375,358.3089599609375,0.5819947719573975,,,False,DEFENCE,False,54.19379833933436,0,0,False,False
1.5775493849999975,1117.01025390625,358.3134765625,0.5802618861198425,,,False,DEFENCE,False,54.19310883220074,0,0,False,False
1.5792894190000197,1117.0052490234375,358.3116455078125,0.5797510147094727,,,False,DEFENCE,False,54.192857194426594,0,0,False,False
1.582281036999916,1116.995361328125,358.3095397949219,0.5755816102027893,,,False,DEFENCE,False,54.19228557205521,0,0,False,False
1.584657065999977,1116.9910888671875,358.3117980957031,0.5796487927436829,,,False,DEFENCE,False,54.19188245915482,0,0,False,False
1.5860909159999892,1117.017333984375,358.3205261230469,0.5764893293380737,,,False,DEFENCE,False,54.19324507142989,0,0,False,False
1.5875124709999682,1117.023681640625,358.3101501464844,0.5759696960449219,,,False,DEFENCE,False,54.19418996399737,0,0,False,False
1.588938154999937,1117.0067138671875,358.3089599609375,0.5769993662834167,,,False,DEFENCE,False,54.193089587736644,0,0,False,False
1.5903785979999157,1117.0125732421875,358.29888916015625,0.5709270238876343,,,False,DEFENCE,False,54.19398606925046,0,0,False,False
1.5918012820000058,1117.0069580078125,358.3116455078125,0.575442373752594,,,False,DEFENCE,False,54.19297392899883,0,0,False,False
1.5941295919999448,1117.0062255859375,358.3169860839844,0.5821555852890015,,,False,DEFENCE,False,54.192660730790145,0,0,False,False
1.5955716270000266,1117.0126953125,358.3363952636719,0.5830840468406677,,,False,DEFENCE,False,54.19214620354103,0,0,False,False
1.5969956440000033,1117.0205078125,358.34033203125,0.5816159844398499,,,False,DEFENCE,False,54.19248586236386,0,0,False,False
1.5984276429999227,1117.0362548828125,358.3233947753906,0.5819649696350098,,,False,DEFENCE,False,54.19439618387402,0,0,False,False
1.600785913999971,1117.0325927734375,358.317626953125,0.5860544443130493,,,False,DEFENCE,False,54.19443024534381,0,0,False,False
1.6022619459999987,1117.0467529296875,358.30157470703125,0.5890839099884033,,,False,DEFENCE,False,54.196188510529204,0,0,False,False
1.6042690369999946,1117.041259765625,358.28778076171875,0.5873383283615112,,,False,DEFENCE,False,54.1964929473537,0,0,False,False
1.606076436999956,1117.0313720703125,358.3144226074219,0.5826423168182373,,,False,DEFENCE,False,54.194504758444474,0,0,False,False
1.6075196009999217,1117.0386962890625,358.3183898925781,0.5807393789291382,,,False,DEFENCE,False,54.1948095821972,0,0,False,False
1.6089254899999332,1117.0357666015625,358.306884765625,0.5827938914299011,,,False,DEFENCE,False,54.19517638011296,0,0,False,False
1.6103761729999633,1117.0159912109375,358.30255126953125,0.5818026065826416,,,False,DEFENCE,False,54.19403908843608,0,0,False,False
1.6118080969999937,1117.017333984375,358.3108215332031,0.5768431425094604,,,False,DEFENCE,False,54.19372328455364,0,0,False,False
1.613210133999928,1117.01513671875,358.30352783203125,0.5754592418670654,,,False,DEFENCE,False,54.19393259979416,0,0,False,False
1.6146185979999927,1117.00927734375,358.2978210449219,0.5731475949287415,,,False,DEFENCE,False,54.193813569747086,0,0,False,False
1.6174294499999178,1117.004638671875,358.288818359375,0.5704166293144226,,,False,DEFENCE,False,54.19394032700497,0,0,False,False
1.6190489549999256,1116.998046875,358.28082275390625,0.570707380771637,,,False,DEFENCE,False,54.19388405117787,0,0,False,False
1.6215406799999528,1117.013916015625,358.2986145019531,0.5699462890625,,,False,DEFENCE,False,54.19409132355343,0,0,False,False
1.6229747149999412,1117.0001220703125,358.2962646484375,0.571178674697876,,,False,DEFENCE,False,54.193264904616925,0,0,False,False
1.6243691610000042,1117.0078125,358.2926940917969,0.5683746933937073,,,False,DEFENCE,False,54.19396614241685,0,0,False,False
1.6257871970000224,1117.0040283203125,358.2762145996094,0.5714621543884277,,,False,DEFENCE,False,54.1945196697423,0,0,False,False
1.6271791799999846,1117.000244140625,358.2548828125,0.5725979208946228,,,False,DEFENCE,False,54.195312248245045,0,0,False,False
1.628924287000018,1117.0101318359375,358.2572326660156,0.5757121443748474,,,False,DEFENCE,False,54.19587184019738,0,0,False,False
1.6320780059999151,1116.9918212890625,358.258544921875,0.5814487338066101,,,False,DEFENCE,False,54.194556506140344,0,0,False,False
1.6336427730000196,1116.9832763671875,358.25372314453125,0.581506073474884,,,False,DEFENCE,False,54.19421044505763,0,0,False,False
1.6350778459999447,1116.971923828125,358.25872802734375,0.5783314108848572,,,False,DEFENCE,False,54.19318845810792,0,0,False,False
1.636479142999974,1116.973388671875,358.2519836425781,0.5797833204269409,,,False,DEFENCE,False,54.19362081439385,0,0,False,False
1.6379102710000097,1116.9598388671875,358.2468566894531,0.5805289149284363,,,False,DEFENCE,False,54.19294798292891,0,0,False,False
1.6393468989999747,1116.949462890625,358.2339782714844,0.5778428316116333,,,False,DEFENCE,False,54.19287385642081,0,0,False,False
1.6538187630000039,1116.4337158203125,351.71759033203125,0.9080840349197388,,,False,DEFENCE,False,54.47638259910478,0,0,False,False
1.657221705999973,1116.399658203125,351.6962890625,0.911354124546051,,,False,DEFENCE,False,54.47510121176697,0,0,False,False
1.658675202999916,1116.41064453125,351.7007751464844,0.9091663360595703,,,False,DEFENCE,False,54.47563030928737,0,0,False,False
1.660983772999998,1116.4200439453125,351.715576171875,0.9111787676811218,,,False,DEFENCE,False,54.47555093993699,0,0,False,False
1.6624030689999927,1116.4068603515625,351.7096252441406,0.9151406288146973,,,False,DEFENCE,False,54.47494355836457,0,0,False,False
1.6638299940000252,1116.3980712890625,351.7062072753906,0.9122629761695862,,,False,DEFENCE,False,54.47451198993053,0,0,False,False
1.665261788999942,1116.3973388671875,351.7132873535156,0.9135636687278748,,,False,DEFENCE,False,54.474118585732214,0,0,False,False
1.6679963870000165,1116.3988037109375,351.698486328125,0.9149007201194763,,,False,DEFENCE,False,54.47493649043144,0,0,False,False
1.6703046049999557,1116.4029541015625,351.690185546875,0.9157112240791321,,,False,DEFENCE,False,54.47562146262118,0,0,False,False
1.6721596129999625,1116.3956298828125,351.6745300292969,0.9117125868797302,,,False,DEFENCE,False,54.47588335458675,0,0,False,False
1.6735508549999167,1116.4033203125,351.6809387207031,0.9121026396751404,,,False,DEFENCE,False,54.476095103973755,0,0,False,False
1.6750072219999765,1116.40576171875,351.69317626953125,0.9122704267501831,,,False,DEFENCE,False,54.4756671723386,0,0,False,False
1.676557119999984,1116.4044189453125,351.68316650390625,0.9125351905822754,,,False,DEFENCE,False,54.4760616712134,0,0,False,False
1.6779925629999752,1116.4139404296875,351.6716003417969,0.9124017953872681,,,False,DEFENCE,False,54.47727019720073,0,0,False,False
1.679386415999943,1116.4222412109375,351.6690368652344,0.9122408628463745,,,False,DEFENCE,False,54.4779588585123,0,0,False,False
1.680780249999998,1116.429443359375,351.6647033691406,0.9180256128311157,,,False,DEFENCE,False,54.478658735262854,0,0,False,False
1.684361810999917,1116.42333984375,351.66522216796875,0.918165922164917,,,False,DEFENCE,False,54.47821865664106,0,0,False,False
1.6858060499999965,1116.4058837890625,351.65447998046875,0.9187446236610413,,,False,DEFENCE,False,54.47755334206185,0,0,False,False
1.6872492699999384,1116.3922119140625,351.6614074707031,0.914995014667511,,,False,DEFENCE,False,54.47628783633036,0,0,False,False
1.688726820999932,1116.387939453125,351.6599426269531,0.9163526296615601,,,False,DEFENCE,False,54.47606850810768,0,0,False,False
1.6901452649999555,1116.3892822265625,351.65655517578125,0.9140831232070923,,,False,DEFENCE,False,54.47632416465169,0,0,False,False
1.6915538019999303,1116.3970947265625,351.6270446777344,0.911538302898407,,,False,DEFENCE,False,54.47828720893099,0,0,False,False
1.6929523399999198,1116.4088134765625,351.6214294433594,0.9110556244850159,,,False,DEFENCE,False,54.479356239638975,0,0,False,False
1.6952672059999259,1116.39404296875,351.6097717285156,0.9129488468170166,,,False,DEFENCE,False,54.478917900526824,0,0,False,False
1.6966687619999448,1116.3970947265625,351.61962890625,0.9190558195114136,,,False,DEFENCE,False,54.4786470444619,0,0,False,False
1.6981478870000046,1116.4002685546875,351.6236267089844,0.9190064072608948,,,False,DEFENCE,False,54.478668794113965,0,0,False,False
1.6998137409999572,1116.3829345703125,351.62060546875,0.9192382097244263,,,False,DEFENCE,False,54.477637168130094,0,0,False,False
1.7522707379999929,1117.078369140625,348.3304443359375,0.9547200798988342,,,False,DEFENCE,False,54.683871443158225,0,0,False,False
1.768482302999928,1116.9447021484375,348.3896484375,0.936817467212677,1461.776657975662,1042.622720738209,False,DEFENCE,False,63.585986324479805,600,0,False,False
1.8062211750000188,1116.8944091796875,348.3905029296875,0.9426742792129517,1461.726365006912,1042.6235752303965,False,DEFENCE,False,63.585986324479805,600,0,False,False
1.8197816729999658,1116.968505859375,348.4187316894531,0.9173925518989563,1461.8004616865994,1042.651803990162,False,DEFENCE,False,63.585986324479805,600,0,False,False
1.8506599029999506,1118.9854736328125,347.46270751953125,1.0150994062423706,1463.817429460037,1041.6957798202402,False,DEFENCE,False,63.585986324479805,600,0,False,False
1.8753800569999157,1119.0186767578125,347.47308349609375,1.0241857767105103,1463.850632585037,1041.7061557968027,False,DEFENCE,False,63.585986324479805,600,0,False,False
1.9009129349999512,1119.013916015625,347.44830322265625,1.0479910373687744,1463.8458718428494,1041.6813755233652,False,DEFENCE,False,63.585986324479805,600,0,False,False
1.914805114999922,1119.0401611328125,347.45880126953125,1.6813076734542847,1465.1740863275504,1020.88349210529,False,DEFENCE,False,62.79726448646386,600,0,False,False
1.9178944120000097,1119.04052734375,347.4643249511719,2.0209527015686035,1465.456786016425,1016.4568311711844,False,DEFENCE,False,62.62407266882044,600,0,False,False
1.9232344869999451,1119.044921875,347.46331787109375,2.0969150066375732,1465.978836893026,1008.2822830127982,False,DEFENCE,False,62.300258145788845,600,0,False,False
1.9628346260000171,1121.34130859375,347.2064208984375,1.5131947994232178,1469.7594552250068,949.0833658029221,False,DEFENCE,False,59.93405003679784,600,0,False,False
1.9871805809999614,1121.3216552734375,347.1943664550781,2.5160775184631348,1472.0909983458996,912.5748330538142,False,DEFENCE,False,58.18400115854972,600,0,False,False
2.0131072849999327,1121.312255859375,347.2266845703125,2.5087366104125977,1474.5704551221293,873.7501902222856,False,DEFENCE,False,56.14132068742722,600,0,False,False
2.016345462000004,1121.2286376953125,347.19805908203125,2.4986889362335205,1474.8785439962187,868.9259720259587,False,DEFENCE,False,55.868870342967064,600,0,False,False
2.028766015999963,1121.237060546875,347.207763671875,2.497312545776367,1476.0568847987172,850.4748898254486,False,DEFENCE,False,54.81490856142212,600,0,False,False
2.053325938999933,1124.2957763671875,351.8984680175781,1.0008175373077393,1478.405680714231,813.6962037123357,False,DEFENCE,False,52.51874365261827,600,0,False,False
2.0781950639999422,1124.2626953125,351.91424560546875,0.9938445687294006,1480.7924920345372,776.322252326884,False,DEFENCE,False,49.96759806569106,600,0,False,False
2.0934535799999594,1124.2781982421875,351.9217224121094,0.9747815132141113,1482.2495440991486,753.5069620835509,False,DEFENCE,False,48.28632673673264,600,0,False,False
2.1220950499999844,1124.29052734375,351.9287109375,0.9242183566093445,1427.1911589690599,1031.360466952818,False,DEFENCE,False,65.97198690834325,600,0,False,False
2.150613546999921,1130.6597900390625,355.6470947265625,-0.4754703640937805,1421.240536866355,1024.4102417136896,False,DEFENCE,False,66.51482602946089,600,0,False,False
2.1769994059999362,1130.659912109375,355.6019592285156,-0.29509681463241577,1415.7029613459288,1017.9424478458604,False,DEFENCE,False,66.71502131096821,600,0,False,False
2.20004522499994,1130.6697998046875,355.53851318359375,-0.1149091050028801,1409.313418168323,1013.9672143255912,False,DEFENCE,False,67.06217014829774,600,0,False,False
2.2143583219999528,1130.541015625,355.5226135253906,0.04470331221818924,1397.6177562306102,1003.9482419674607,False,DEFENCE,False,67.61397576784856,600,0,False,False
2.2548153299999285,1131.218994140625,361.85614013671875,-0.9498243927955627,1398.2957347462352,1010.2817685787888,False,DEFENCE,False,67.61397576784856,600,0,False,False
2.2790057319999732,1131.183837890625,361.7961730957031,-1.720888376235962,1409.8274562542606,1020.2248742377005,False,DEFENCE,False,67.06217014829774,600,0,False,False
2.304583268999977,1131.1187744140625,361.75604248046875,-1.9496114253997803,1394.0587483696677,984.3699854828402,False,DEFENCE,False,67.10487712165047,600,0,False,False
2.3202630959999624,1131.1016845703125,361.8250427246094,-1.9775277376174927,1384.3037207880343,962.1890032933098,False,DEFENCE,False,67.13253359572505,600,0,False,False
2.572921582999925,1196.01806640625,507.2391662597656,-5.04901123046875,1436.103116234796,1048.8896781605222,False,DEFENCE,False,66.09482057503436,600,0,False,False
2.5868092319999505,1196.0396728515625,507.2799072265625,-5.194822788238525,1436.1247226801086,1048.930419127319,False,DEFENCE,False,66.09482057503436,600,0,False,False
2.599239515000022,1196.0330810546875,507.31060791015625,-5.285593032836914,1426.507168402721,1031.1987908883739,False,DEFENCE,False,66.25386952453619,600,0,False,False
2.6021847629999684,1196.0697021484375,507.290283203125,-5.355238437652588,1424.2304244301806,1027.0012187663988,False,DEFENCE,False,66.29782122155166,600,0,False,False
2.6043230839999296,1196.072998046875,507.30694580078125,-5.374098300933838,1422.5975334636578,1023.9907012545622,False,DEFENCE,False,66.32638957489556,600,0,False,False
2.6291559860000007,1196.04443359375,507.32275390625,-5.435412406921387,1427.1778218422994,1022.6005686678186,False,DEFENCE,False,65.84086923239018,600,0,False,False
2.6318457510000144,1195.9752197265625,507.3145751953125,-5.526506423950195,1427.238771374557,1021.8191552109388,False,DEFENCE,False,65.79666242190983,600,0,False,False
2.6346049929999253,1195.9647216796875,507.3033752441406,-5.5694403648376465,1427.3002076045536,1021.0315019660126,False,DEFENCE,False,65.75761806210134,600,0,False,False
2.6635428619999857,1200.362548828125,514.7017211914062,-7.287693500518799,1431.4959370766744,1029.9795359529749,False,DEFENCE,False,65.84086923239018,600,0,False,False
2.665457622999952,1200.3646240234375,514.6658935546875,-7.605243682861328,1431.7392634841383,1030.3953418087326,False,DEFENCE,False,65.83729319614709,600,0,False,False
2.667634477999968,1200.36376953125,514.6629028320312,-7.636557579040527,1432.0139491664193,1030.8647356422082,False,DEFENCE,False,65.83141590298425,600,0,False,False
2.679376973999979,1200.3587646484375,514.6549072265625,-7.668137073516846,1433.4899316914575,1033.3869533632683,False,DEFENCE,False,65.79965614544749,600,0,False,False
2.7068574769999714,1200.33642578125,514.5963134765625,-7.8628435134887695,1422.8069177857942,1004.6159409570183,False,DEFENCE,False,65.58179809241075,600,0,False,False
2.7222799129999657,1200.3458251953125,514.56640625,-7.897922992706299,1427.7662754379714,1008.8835920921233,False,DEFENCE,False,65.29426510103127,600,0,False,False
2.755649486999914,1205.5120849609375,518.0465087890625,-9.061991691589355,1424.4081134834535,988.0622923944752,False,DEFENCE,False,65.02763499990762,600,0,False,False
2.7688681989999395,1205.5145263671875,518.0243530273438,-9.12310791015625,1424.4105548897035,988.0401366327565,False,DEFENCE,False,65.02763499990762,600,0,False,False
2.786601666000024,1205.489990234375,518.0504150390625,-9.150320053100586,1420.2374769848082,976.326678684821,False,DEFENCE,False,64.89229063848542,600,0,False,False
2.800420282999994,1205.5477294921875,518.02783203125,-9.242219924926758,1416.2236805182094,964.8373010224251,False,DEFENCE,False,64.75556784004623,500,0,False,False
2.8268406710000136,1205.5498046875,518.0392456054688,-9.252685546875,1412.2321605874713,953.6535686752093,False,DEFENCE,False,64.61744701954751,500,0,False,False
2.856345539000017,1198.3311767578125,520.3384399414062,-11.334854125976562,1405.0135326577838,955.9527630111468,False,DEFENCE,False,64.61744701954751,500,0,False,False
2.8808648319999293,1198.351318359375,520.2650146484375,-11.233393669128418,1400.4750413572146,951.9638478015414,False,DEFENCE,False,64.91075286372337,500,0,False,False
2.909344787000009,1198.375732421875,520.2440185546875,-11.134803771972656,1392.904419734891,930.5224656038972,False,DEFENCE,False,64.6325826213644,500,0,False,False
2.923119091999979,1198.3123779296875,520.2779541015625,-11.186795234680176,1389.247180488024,920.1644965503297,False,DEFENCE,False,64.47681060852295,500,0,False,False
2.93792625399999,1198.313720703125,520.2691650390625,-11.21157455444336,1386.2307319217164,903.9430093676476,False,DEFENCE,False,63.90516259933019,500,0,False,False
3.1550511819999656,1232.9573974609375,603.54931640625,-13.932695388793945,1394.0718531839034,901.2783777781016,False,DEFENCE,False,141.5802058870902,500,0,False,False
3.159749609999949,1232.9307861328125,603.5388793945312,-14.109306335449219,1394.2413281561257,901.2207854581359,False,DEFENCE,False,141.5472245091238,500,0,False,False
3.1878583860000163,1232.8887939453125,603.5385131835938,-14.155655860900879,1393.0730654155404,886.1139698264147,False,DEFENCE,False,140.45228921938104,500,0,False,False
3.2020424969999794,1232.8974609375,603.5255126953125,-14.369243621826172,1392.6396669141504,879.5337614088642,False,DEFENCE,False,139.93950927158028,500,0,False,False
3.2162423659999604,1232.8714599609375,603.4898071289062,-14.170538902282715,1391.4545764224051,875.856440152447,False,DEFENCE,False,139.79026636202397,500,0,False,False
3.5603216739999652,1123.997314453125,712.6886596679688,-18.374616622924805,1385.6792248691736,874.195024438596,False,DEFENCE,False,111.6822963714685,500,0,False,False
3.5883561150000105,1124.051025390625,712.6719360351562,-18.6126651763916,1400.884453680333,858.7358818316245,False,DEFENCE,False,107.81720226184154,500,0,False,False
3.6063948060000257,1123.973388671875,712.6995849609375,-19.002275466918945,1411.0777302818242,853.1159345480365,False,DEFENCE,False,106.06222885678748,500,0,False,False
3.620042644000023,1123.9671630859375,712.71044921875,-19.353792190551758,1404.5041297030807,844.1040647018798,False,DEFENCE,False,105.09673356395285,500,0,False,False
3.6547251739999638,1124.9234619140625,713.4005126953125,-18.700441360473633,1435.7626562581881,849.9793939043695,False,DEFENCE,False,103.72009014326034,500,0,False,False
3.676843106999968,1124.932861328125,713.422607421875,-19.832422256469727,1449.523091566991,844.7489219202881,False,DEFENCE,False,102.02781709833548,500,0,False,False
3.6928115480000088,1124.9241943359375,713.4348754882812,-20.564380645751953,1438.377914465091,830.0008937855607,False,DEFENCE,False,100.39897625576486,500,0,False,False
3.707035958000006,1122.4925537109375,725.7015991210938,-21.38623809814453,1437.638458056792,827.1356320804373,False,DEFENCE,False,97.84148351050028,500,0,False,False
3.719799170999977,1122.5213623046875,725.682861328125,-21.534290313720703,1436.9744009946658,824.5625293947713,False,DEFENCE,False,97.45573980403607,500,0,False,False
3.750932458999955,1126.43212890625,720.5464477539062,-22.163679122924805,1478.8249779122966,814.4006587116764,False,DEFENCE,False,94.91362284120095,500,0,False,False
3.7790151009999136,1126.460205078125,720.522216796875,-23.028472900390625,1466.0038089005857,794.0653232967021,False,DEFENCE,False,92.22114567828373,500,0,False,False
3.79278022699998,1126.5443115234375,720.483642578125,-23.82776641845703,1465.8624706217297,778.8470472057215,False,DEFENCE,False,9.759492997259828,1000,0,False,False
3.808212056000002,1126.548828125,720.5056762695312,-24.137771606445312,1480.2901435989495,774.1298016979013,False,DEFENCE,False,8.619916305929113,1000,0,False,False
3.821826210999916,1126.58544921875,720.4894409179688,-24.71487808227539,1487.508452852211,770.4911543211388,False,DEFENCE,False,7.887463069756507,1000,0,False,False
3.8530365870000196,1124.9871826171875,717.4000244140625,-26.3151798248291,1499.8024966437474,755.224214073651,False,DEFENCE,False,5.762449936592357,1000,0,False,False
3.878491720999932,1124.9320068359375,717.3944091796875,-27.15654754638672,1495.5326441254917,739.2438695480153,False,DEFENCE,False,3.3740751561055684,1000,0,False,False
3.905397422999954,1124.8280029296875,717.4503784179688,-27.810590744018555,1493.5957687751413,725.9296302455725,False,DEFENCE,False,1.317196882964366,1000,0,False,False
3.9089456099999325,1124.8253173828125,717.5109252929688,-27.975799560546875,1493.3399450085035,724.1710767859227,False,DEFENCE,False,1.0353918231843633,1000,0,False,False
3.9206430429999273,1124.80224609375,717.502197265625,-28.002779006958008,1492.4974192522925,718.3794859462569,False,DEFENCE,False,0.13670248375652644,1000,0,False,False
3.9534060349999436,1125.1903076171875,714.899658203125,-25.082656860351562,1493.7346945926347,710.1196379428859,False,DEFENCE,False,-0.7430845264889266,1000,0,False,False
3.9806021439999313,1125.1732177734375,714.8630981445312,-24.183610916137695,1484.9651586579528,701.4902100948134,False,DEFENCE,False,-2.1286121596434744,1000,0,False,False
3.9938596199999665,1125.2369384765625,714.887451171875,-23.431175231933594,1468.7712676232761,691.4788837658965,False,DEFENCE,False,-3.8981317631011545,1000,0,False,False
4.010285733999922,1125.1986083984375,714.8541870117188,-23.79023551940918,1452.817560969912,688.2054429787189,False,DEFENCE,False,-4.650239139611729,1000,0,False,False
4.033123025999998,1125.1951904296875,714.8145751953125,-24.519306182861328,1458.0672236937744,671.283780756311,False,DEFENCE,False,-7.450481711945646,1000,0,False,False
4.0585961959999395,1117.7259521484375,717.5617065429688,-23.137056350708008,1448.9778072733432,659.5565119071717,False,DEFENCE,False,-9.932307329025779,1000,0,False,False
4.073500818999946,1117.7420654296875,717.5352783203125,-23.960147857666016,1435.1672605694184,657.254477944027,False,DEFENCE,False,-90.75274293687139,500,0,False,False
4.100555382999914,1117.7393798828125,717.57861328125,-24.781307220458984,1411.7349318675751,650.8111376962528,False,DEFENCE,False,-92.79505646438939,500,0,False,False
4.150627799999938,1125.526123046875,718.0746459960938,-23.811323165893555,1409.4235781190669,637.368506196582,False,DEFENCE,False,-95.8693480738131,500,0,False,False
4.153835341999979,1125.5001220703125,718.06396484375,-23.526647567749023,1387.4812063049199,639.8009995915019,False,DEFENCE,False,-96.63273570827019,500,0,False,False
4.178453791999914,1125.4700927734375,718.058349609375,-23.436229705810547,1379.7899753553802,628.2189823013113,False,DEFENCE,False,-99.45594161973544,500,0,False,False
4.191902292000009,1125.56201171875,718.0899658203125,-22.50011444091797,1375.1215836467727,629.3192906160339,False,DEFENCE,False,-99.5809486903734,500,0,False,False
4.1950170259999595,1125.5909423828125,718.0889282226562,-22.250076293945312,1374.039450828819,629.5743419937992,False,DEFENCE,False,-99.60942459163627,500,0,False,False
4.197081830999991,1125.5875244140625,718.092041015625,-22.02633285522461,1373.3170098371143,629.7446164436925,False,DEFENCE,False,-99.62768918421386,500,0,False,False
4.209439163999946,1125.601318359375,718.1395263671875,-21.19563865661621,1371.6450823397774,628.2841678682335,False,DEFENCE,False,-100.06222962107972,500,0,False,False
4.235757981000006,1125.63916015625,718.1495361328125,-20.340425491333008,1362.5991097893063,632.0651956000465,False,DEFENCE,False,-99.96539774706909,500,0,False,False
4.248987679999914,1125.63720703125,718.1500854492188,-19.21605682373047,1359.896815055689,639.7001342781246,False,DEFENCE,False,-98.51490801870547,500,0,False,False
4.263244828999973,1125.65869140625,718.1867065429688,-17.337993621826172,1357.859423355614,647.0211732564803,False,DEFENCE,False,-97.03940189644358,500,0,False,False
4.289280665999968,1124.7813720703125,710.7650756835938,-15.267452239990234,1357.0547396682728,653.1801188302862,False,DEFENCE,False,-93.92396418094268,500,0,False,False
4.302248372000008,1124.794921875,710.8238525390625,-11.809062957763672,1360.89135000798,664.5949475952408,False,DEFENCE,False,-91.07864603856086,500,0,False,False
4.306931663,1124.7696533203125,710.8419189453125,-10.088741302490234,1362.2791863721188,668.724091044203,False,DEFENCE,False,-90.0557876721154,500,0,False,False
4.320695074000014,1124.733642578125,710.8663330078125,-8.020384788513184,1359.484446710302,676.3254005030552,False,DEFENCE,False,-8.37036681951345,1000,0,False,False
4.347158173000025,1124.755859375,710.8693237304688,-7.649792671203613,1356.6228396429506,689.5003317767347,False,DEFENCE,False,-5.265537303488971,1000,0,False,False
4.370789409999929,1124.76708984375,710.8607177734375,-7.265252113342285,1356.5817613761853,692.7424277263906,False,DEFENCE,False,-4.469067568290052,1000,0,False,False
4.397109203000014,1124.7696533203125,710.8820190429688,-6.913816928863525,1356.5230098531345,699.2585664216012,False,DEFENCE,False,-2.871230077500521,1000,0,False,False
4.399913936999951,1124.73193359375,710.85693359375,-7.095142364501953,1356.5166983697454,699.9585738256537,False,DEFENCE,False,-2.6920253444830204,1000,0,False,False
4.426730419000023,1124.7208251953125,710.8463745117188,-7.200409889221191,1354.8429277787643,707.3356271681298,False,DEFENCE,False,-0.8740377388294343,1000,0,False,False
4.4520467629999985,1138.0294189453125,708.158447265625,-7.59373140335083,1368.1541245820958,709.5150642844204,False,DEFENCE,False,0.33776264470651407,1000,0,False,False
4.4648766079999405,1138.013916015625,708.173095703125,-8.170979499816895,1374.8963610925264,710.6189680666832,False,DEFENCE,False,0.5915726842691564,1000,0,False,False
4.481553931000008,1138.0125732421875,708.1240844726562,-8.468238830566406,1364.6880426977013,721.1050179980496,False,DEFENCE,False,3.2775547630480375,1000,0,False,False
4.507328131999998,1138.001220703125,708.0845336914062,-8.614523887634277,1364.3290591942275,726.1395222545074,False,DEFENCE,False,4.561032284897794,1000,0,False,False
4.901388658999963,1485.0152587890625,673.8980712890625,-20.209545135498047,1625.7805815561462,622.0798900562291,True,DEFENCE,False,-100.20954513549802,500,0,False,False
4.924188619000006,1485.0350341796875,673.8472900390625,-19.924421310424805,1626.0564783074847,622.7302449747143,True,DEFENCE,False,-99.92442131042479,500,0,False,False
4.953838961999963,1485.361083984375,674.4710083007812,-21.1130313873291,1625.2918289044162,620.4396597508664,True,DEFENCE,False,-101.1130313873291,500,0,False,False
4.9568870319999405,1485.34423828125,674.4877319335938,-21.063617706298828,1625.3215294892836,620.5770841350247,True,DEFENCE,False,-101.06361770629881,500,0,False,False
4.968552363999947,1485.3260498046875,674.4953002929688,-21.06510353088379,1625.3019429261028,620.5810225470678,True,DEFENCE,False,-101.06510353088379,500,0,False,False
4.983695420999993,1485.3193359375,674.516845703125,-21.057130813598633,1625.3027298844802,620.6220461480239,True,DEFENCE,False,-101.05713081359865,500,0,False,False
4.987359614999946,1485.2781982421875,674.541748046875,-20.649965286254883,1625.6410512307466,621.6430760322382,True,DEFENCE,False,-100.64996528625488,500,0,False,False
5.009067279999954,1485.4012451171875,674.5042114257812,-20.329078674316406,1626.0581557469495,622.3924709818931,True,DEFENCE,False,-100.32907867431638,500,0,False,False
5.012358794999955,1485.6971435546875,674.3641967773438,-20.02584457397461,1626.6278809304617,622.9976000171868,True,DEFENCE,False,-100.02584457397462,500,0,False,False
5.025804153999957,1485.861083984375,674.2008056640625,-19.93723487854004,1626.8710928233022,623.0522239902206,True,DEFENCE,False,-99.93723487854002,500,0,False,False
5.063986802999921,1491.5040283203125,664.6453857421875,-21.056093215942383,1631.4883982519639,610.7531212245542,True,DEFENCE,False,-101.05609321594241,500,0,False,False
5.067122440999924,1491.4949951171875,664.6160888671875,-20.541940689086914,1631.9573329316015,611.9821487172286,True,DEFENCE,False,-100.5419406890869,500,0,False,False
5.080584649999992,1491.510009765625,664.647705078125,-20.482656478881836,1632.0267329631538,612.1591301133855,True,DEFENCE,False,-100.48265647888182,500,0,False,False
5.110916965999991,1491.4669189453125,664.62646484375,-20.06059455871582,1632.366476477091,613.1744028117084,True,DEFENCE,False,-100.06059455871579,500,0,False,False
5.140357193999989,1491.4248046875,664.645263671875,-19.889625549316406,1632.4772662200357,613.6138704358232,True,DEFENCE,False,-99.88962554931642,500,0,False,False
5.161795932000018,1487.0106201171875,664.1315307617188,-20.800010681152344,1627.2344616466632,610.8654602597898,True,DEFENCE,False,-100.80001068115234,500,0,False,False
5.199365215999933,1487.0233154296875,664.1709594726562,-20.15389633178711,1627.8389004541839,612.4895216616893,True,DEFENCE,False,-100.15389633178711,500,0,False,False
5.203197860999921,1487.0540771484375,664.2090454101562,-21.538631439208984,1626.579613838031,609.1397743828319,True,DEFENCE,False,-101.53863143920896,500,0,False,False
5.208927858999914,1487.0655517578125,664.2056274414062,-21.695697784423828,1626.4396016170986,608.754078988534,True,DEFENCE,False,-101.69569778442386,500,0,False,False
5.234558920999916,1487.0533447265625,664.247802734375,-21.899696350097656,1626.229079317421,608.3003729355461,True,DEFENCE,False,-101.89969635009764,500,0,False,False
5.475511589999996,1463.6011962890625,552.694580078125,-27.719165802001953,1596.3869088300423,482.92385165291597,True,DEFENCE,False,-107.71916580200195,500,0,False,False
5.50975349700002,1463.580810546875,552.6799926757812,-27.60588836669922,1596.5042046931853,483.1719263192452,True,DEFENCE,False,-107.60588836669923,500,0,False,False
5.51320009199992,1463.66650390625,552.6709594726562,-28.647722244262695,1595.304098439453,480.7575135427602,True,DEFENCE,False,-108.6477222442627,500,0,False,False
5.526587479999989,1463.67724609375,552.6654663085938,-28.79824447631836,1595.1254621545486,480.40644268916196,True,DEFENCE,False,-108.79824447631839,500,0,False,False
5.542283467999937,1463.6953125,552.6442260742188,-29.36315155029297,1594.4247141408628,479.0927233932948,True,DEFENCE,False,-109.363151550293,500,0,False,False
5.560759374999975,1465.2509765625,550.280029296875,-30.829627990722656,1594.0552268127226,473.40698384219024,True,DEFENCE,False,-110.82962799072267,500,0,False,False
5.572558854000022,1465.2034912109375,550.3036499023438,-31.39487648010254,1593.2430987716068,472.16365440893594,True,DEFENCE,False,-111.39487648010254,500,0,False,False
5.5865503489999355,1465.2037353515625,550.3034057617188,-31.74851417541504,1592.7586159668494,471.37462500830867,True,DEFENCE,False,-111.74851417541505,500,0,False,False
5.601290309999968,1465.253662109375,550.2866821289062,-32.185970306396484,1592.2022055832356,470.38632349475904,True,DEFENCE,False,-112.18597030639646,500,0,False,False
5.614431622999973,1465.2562255859375,550.2745361328125,-32.53516387939453,1591.7154554671974,469.6019684419385,True,DEFENCE,False,-112.53516387939453,500,0,False,False
5.627384540999969,1465.2784423828125,550.2644653320312,-32.84775161743164,1591.2956683180992,468.90317989740373,True,DEFENCE,False,-112.84775161743163,500,0,False,False
5.630708180999932,1465.2733154296875,550.3092041015625,-33.14486312866211,1590.8669439709033,468.2955438378534,True,DEFENCE,False,-113.14486312866211,500,0,False,False
5.665483625999968,1467.4869384765625,546.3167114257812,-32.941017150878906,1593.371558377635,464.7504042127997,True,DEFENCE,False,-112.94101715087893,500,0,False,False
5.6786521409999295,1467.5736083984375,546.2350463867188,-33.750999450683594,1592.2925965443449,462.8973358598448,True,DEFENCE,False,-113.7509994506836,500,0,False,False
5.693381121000016,1467.581298828125,546.2195434570312,-34.195919036865234,1591.649389917728,461.9158734694089,True,DEFENCE,False,-114.19591903686523,500,0,False,False
5.696450335000009,1467.567138671875,546.19677734375,-34.5164680480957,1591.1616422461764,461.2003145572197,True,DEFENCE,False,-114.51646804809567,500,0,False,False
5.6985373939999135,1467.570068359375,546.216064453125,-34.593143463134766,1591.050715761624,461.05427890865985,True,DEFENCE,False,-114.59314346313477,500,0,False,False
5.7102644709999595,1467.5576171875,546.2247314453125,-34.63716506958008,1590.972796478503,460.9680981516526,True,DEFENCE,False,-114.63716506958008,500,0,False,False
5.72717056099998,1467.5374755859375,546.201171875,-34.91738510131836,1590.534210606064,460.34196634414997,True,DEFENCE,False,-114.91738510131837,500,0,False,False
5.753245903999982,1475.2462158203125,549.1038208007812,-36.92951965332031,1595.152496835937,458.9789975110677,True,DEFENCE,False,-116.92951965332031,500,0,False,False
5.778201362000004,1475.2008056640625,549.0599365234375,-36.88777542114258,1595.1727174791329,459.02249778022934,True,DEFENCE,False,-116.8877754211426,500,0,False,False
5.804567573999975,1475.29541015625,549.0581665039062,-36.84749984741211,1595.3305833659715,459.1050832187173,True,DEFENCE,False,-116.84749984741212,500,0,False,False
5.807664914999918,1475.3623046875,549.0698852539062,-35.978721618652344,1596.7475890347437,460.94717113354557,True,DEFENCE,False,-115.97872161865232,500,0,False,False
5.831029408999939,1475.3740234375,549.0598754882812,-35.878902435302734,1596.9126485437657,461.14876920882085,True,DEFENCE,False,-115.87890243530275,500,0,False,False
5.851791176000006,1479.533935546875,548.0267333984375,-36.473609924316406,1600.153547593013,458.85886256011827,True,DEFENCE,False,-116.47360992431638,500,0,False,False
5.877751750000016,1479.589111328125,548.0355834960938,-36.540035247802734,1600.1052664037747,458.72793339946463,True,DEFENCE,False,-116.54003524780273,500,0,False,False
5.900956661999999,1479.521484375,548.0153198242188,-36.63011932373047,1599.8970753708372,458.51829701115037,True,DEFENCE,False,-116.63011932373048,500,0,False,False
5.927442772999939,1479.515625,547.9898681640625,-37.8156852722168,,,False,DEFENCE,False,84.40172892031005,0,0,False,False
5.950653129999978,1479.4998779296875,548.0353393554688,-39.151363372802734,,,False,DEFENCE,False,84.39856123207448,0,0,False,False
5.964790243999914,1479.4915771484375,548.0514526367188,-40.41383743286133,,,False,DEFENCE,False,84.39701197702034,0,0,False,False
5.9906338439999445,1479.46630859375,548.036376953125,-41.1700439453125,,,False,DEFENCE,False,84.39328220865254,0,0,False,False
6.014586742000006,1479.66845703125,549.2291259765625,-42.545326232910156,,,False,DEFENCE,False,84.40666192017152,0,0,False,False
6.0176539929999535,1479.650146484375,549.6403198242188,-43.83598709106445,,,False,DEFENCE,False,84.39743652702826,0,0,False,False
6.02989164600001,1479.6397705078125,549.6703491210938,-43.98583221435547,,,False,DEFENCE,False,84.39533844444263,0,0,False,False
6.044646661000002,1479.7015380859375,549.7764892578125,-44.64713668823242,,,False,DEFENCE,False,84.4034284602927,0,0,False,False
6.05671267799994,1479.881591796875,549.782958984375,-45.35323715209961,,,False,DEFENCE,False,84.43169673503537,0,0,False,False
6.07088071599992,1479.8563232421875,549.78662109375,-45.93845748901367,,,False,DEFENCE,False,84.42765911746403,0,0,False,False
6.0943276299999525,1479.8521728515625,549.7854614257812,-46.61510467529297,916.6020479468358,17.22754604894658,False,DEFENCE,False,-136.60436351154218,600,0,False,False
6.120486819999996,1476.3182373046875,545.7161254882812,-47.76231002807617,912.0280067029535,17.84963095801592,False,DEFENCE,False,-136.91012250985915,600,0,False,False
6.13895254199997,1476.2972412109375,545.687744140625,-48.60715866088867,908.8186884226601,18.286108979118392,False,DEFENCE,False,-137.0963147824984,600,0,False,False
6.152335318999917,1476.3258056640625,545.7138061523438,-49.668418884277344,906.4609205956283,18.606773290190663,False,DEFENCE,False,-137.2321491437123,600,0,False,False
6.175917945999913,1476.2974853515625,545.724609375,-50.40180969238281,902.3379943726007,19.167505047470314,False,DEFENCE,False,-137.4663680324004,600,0,False,False
6.193369293999922,1476.3182373046875,545.7745361328125,-51.735103607177734,874.7592626897173,56.90294103252887,False,DEFENCE,False,-140.90012174831182,600,0,False,False
6.207542830999955,1476.3167724609375,545.8104858398438,-53.44985580444336,867.0922270740544,66.52550825984946,False,DEFENCE,False,-141.80740407767988,600,0,False,False
6.21900124199999,1476.283203125,545.8239135742188,-54.836517333984375,860.9244277350376,74.26644840405177,False,DEFENCE,False,-142.5365827547667,600,0,False,False
6.235373756999934,1476.240966796875,545.7906494140625,-56.029693603515625,852.1285749963158,85.3057455382735,False,DEFENCE,False,-143.57921509498348,600,0,False,False
6.260676079999939,1476.211669921875,545.768798828125,-57.75127410888672,1556.2510262718683,418.9078456743718,True,DEFENCE,False,-137.75127410888675,500,0,False,False
6.274004654000009,1463.5732421875,537.053955078125,-60.393341064453125,1537.6796796254696,406.6383274476439,True,DEFENCE,False,-140.39334106445312,500,0,False,False
6.291224909999983,1463.61083984375,537.0603637695312,-61.84211349487305,1534.3962691990994,404.81278159511555,True,DEFENCE,False,-141.8421134948731,500,0,False,False
6.31642060799993,1463.5875244140625,537.1201782226562,-65.07939147949219,1526.7918300608242,401.08630101660606,True,DEFENCE,False,-145.07939147949213,500,0,False,False
6.32907188899992,1463.594970703125,537.1688842773438,-66.90599060058594,1522.4311119843258,399.18950727071064,True,DEFENCE,False,-146.9059906005859,500,0,False,False
6.342974673999947,1463.6343994140625,537.1968994140625,-68.45002746582031,1518.731286970116,397.68226583881494,True,DEFENCE,False,-148.4500274658203,500,0,False,False
6.344737383999927,1463.6297607421875,537.2194213867188,-69.95367431640625,1515.0467317150787,396.30705466196014,True,DEFENCE,False,-149.95367431640628,500,0,False,False
6.346823589999985,1463.61767578125,537.2111206054688,-70.14102935791016,1514.5735945505514,396.1313759842924,True,DEFENCE,False,-150.14102935791018,500,0,False,False
6.358799417,1463.621337890625,537.1991577148438,-70.36494445800781,1514.0255214355534,395.92135237667617,True,DEFENCE,False,-150.3649444580078,500,0,False,False
6.38521786299998,1463.6553955078125,537.2266235351562,-71.80101776123047,1510.5031020836875,394.7299836148384,True,DEFENCE,False,-151.80101776123047,500,0,False,False
6.399488103999943,1463.65478515625,537.1915283203125,-74.67488098144531,1503.2991695269468,392.52528212629375,True,DEFENCE,False,-154.6748809814453,500,0,False,False
6.402710619000004,1463.71826171875,537.2470703125,-75.16654968261719,1502.1197862341005,392.24595681713083,True,DEFENCE,False,-155.16654968261722,500,0,False,False
6.416510893000009,1463.7054443359375,537.2661743164062,-75.3001480102539,1501.7687612170091,392.1759130718585,True,DEFENCE,False,-155.30014801025393,500,0,False,False
6.452117194999914,1452.7176513671875,531.9341430664062,-76.18565368652344,1488.5341432879218,386.2729646196699,True,DEFENCE,False,-156.18565368652347,500,0,False,False
6.45482563500002,1452.7105712890625,531.9601440429688,-78.61090850830078,1482.3311768246417,384.91382573575777,True,DEFENCE,False,-158.61090850830072,500,0,False,False
6.466837625999915,1452.6962890625,531.9356689453125,-78.86824798583984,1481.6561511046168,384.7577956405879,True,DEFENCE,False,-158.86824798583984,500,0,False,False
6.479820271999984,1452.65478515625,531.9557495117188,-80.00837707519531,1478.6804135795562,384.2307798377601,True,DEFENCE,False,-160.0083770751953,500,0,False,False
6.494426841999939,1452.6949462890625,531.94775390625,-81.26428985595703,1475.4764781575172,383.68784089627087,True,DEFENCE,False,-161.2642898559571,500,0,False,False
6.507835401999955,1452.6993408203125,531.951904296875,-82.7353286743164,1471.6672879250818,383.1560139550021,True,DEFENCE,False,-162.7353286743164,500,0,False,False
6.5205019410000205,1452.69482421875,531.9761962890625,-84.05372619628906,1468.2342025051973,382.78327513503893,True,DEFENCE,False,-164.05372619628906,500,0,False,False
6.534990981999954,1452.740478515625,532.0011596679688,-86.30811309814453,1462.399128887676,382.31244775891906,True,DEFENCE,False,-166.30811309814453,500,0,False,False
6.560357481999972,1452.7249755859375,531.982177734375,-86.76618194580078,1461.186597282452,382.22103137703346,True,DEFENCE,False,-166.76618194580072,500,0,False,False
6.587580630999923,1452.7205810546875,532.0836181640625,-89.3526840209961,1454.415214273762,382.0931910753552,True,DEFENCE,False,-169.35268402099615,500,0,False,False
6.591136047999953,1439.522705078125,530.0446166992188,-92.0808334350586,1434.0762933286037,380.1435273134018,True,DEFENCE,False,-172.08083343505854,500,0,False,False
6.61641938799994,1439.531982421875,530.0501098632812,-92.17973327636719,1433.8268304679684,380.15864499225256,True,DEFENCE,False,-172.17973327636716,500,0,False,False
6.632162025999946,1439.555908203125,530.0523071289062,-92.82637023925781,1432.1594888082052,380.23477484334745,True,DEFENCE,False,-172.82637023925778,500,0,False,False
6.6459945569999945,1439.5218505859375,530.0411376953125,-93.5083236694336,1430.342819081994,380.32224983994,True,DEFENCE,False,-173.50832366943362,500,0,False,False
6.648469086999967,1439.5185546875,530.017578125,-93.85216522216797,1429.4412057838572,380.3564708222867,True,DEFENCE,False,-173.852165222168,500,0,False,False
6.660396973999923,1439.52587890625,530.008544921875,-94.10652923583984,1428.7842125725385,380.3936505952231,True,DEFENCE,False,-174.10652923583984,500,0,False,False
6.674296926000011,1439.51513671875,529.9896240234375,-95.24040985107422,1425.814895737084,380.6165896529586,True,DEFENCE,False,-175.2404098510742,500,0,False,False
6.700502979000021,1439.55859375,529.9765014648438,-96.5997543334961,1422.3186600673034,380.97051270393445,True,DEFENCE,False,-176.5997543334961,500,0,False,False
6.7150935309999795,1439.58642578125,530.0374755859375,-98.50171661376953,1417.410569401057,381.6857604161928,True,DEFENCE,False,-178.50171661376947,500,0,False,False
6.728106731000025,1439.5706787109375,530.01904296875,-99.55722045898438,1414.6658018465694,382.10100110647187,True,DEFENCE,False,-179.55722045898443,500,0,False,False
6.730930550999915,1439.55322265625,529.9750366210938,-100.50689697265625,1412.2001401516031,382.49009204201485,True,DEFENCE,False,-180.50689697265625,500,0,False,False
6.754959738000025,1433.48046875,529.9007568359375,-101.40137481689453,1403.828339448669,382.8607921056059,True,DEFENCE,False,-181.40137481689456,500,0,False,False
6.768760826999937,1433.4344482421875,529.9202270507812,-102.67691802978516,1400.5164703105963,383.5767723666196,True,DEFENCE,False,-182.67691802978518,500,0,False,False
6.78204980299995,1433.5067138671875,529.9110717773438,-103.89385223388672,1397.4881312042635,384.29973395314096,True,DEFENCE,False,-183.89385223388672,500,0,False,False
6.807657380000023,1433.482177734375,529.8956909179688,-105.09645080566406,1394.4154724616462,385.0723760162108,True,DEFENCE,False,-185.09645080566412,500,0,False,False
6.81045807299995,1433.5367431640625,529.9189453125,-105.95956420898438,1392.292909870632,385.70054768146366,True,DEFENCE,False,-185.95956420898435,500,0,False,False
6.8234348119999595,1433.54736328125,529.921875,-106.08370971679688,1391.991142143132,385.79318082455194,True,DEFENCE,False,-186.08370971679688,500,0,False,False
6.837695367999913,1433.5418701171875,529.8707885742188,-106.49298095703125,1390.9571878219647,386.0426104107763,True,DEFENCE,False,-186.49298095703128,500,0,False,False
6.851379334999933,1433.580078125,529.8453369140625,-106.96601867675781,1389.8094057655078,386.3736385160928,True,DEFENCE,False,-186.96601867675784,500,0,False,False
6.867530444999943,1433.5697021484375,529.8579711914062,-107.86214447021484,1387.5605278165974,387.0883810214322,True,DEFENCE,False,-187.86214447021484,500,0,False,False
6.879674223999928,1433.595458984375,529.8297729492188,-108.8985595703125,1385.0114139920518,387.9157476656552,True,DEFENCE,False,-188.89855957031253,500,0,False,False
6.893412908999949,1433.5633544921875,529.8031005859375,-109.70923614501953,1382.9763014669252,388.59067171999345,True,DEFENCE,False,-189.70923614501953,500,0,False,False
6.916722127999947,1426.9517822265625,530.9931640625,-110.68524169921875,1373.9667003012044,390.6629068356172,True,DEFENCE,False,-190.68524169921875,500,0,False,False
6.919737843000007,1426.9296875,530.9981079101562,-112.40193939208984,1369.7644368672645,392.3181377627102,True,DEFENCE,False,-192.40193939208984,500,0,False,False
6.9320110019999674,1426.950927734375,530.98095703125,-112.61642456054688,1369.2669342199722,392.5159546218674,True,DEFENCE,False,-192.61642456054685,500,0,False,False
6.950490206999916,1426.9248046875,530.9740600585938,-114.36479187011719,1365.0430938724194,394.3334589672683,True,DEFENCE,False,-194.3647918701172,500,0,False,False
6.962366670999927,1426.9267578125,530.98681640625,-114.94828033447266,1363.656760038295,394.9834804852069,True,DEFENCE,False,-194.94828033447266,500,0,False,False
6.988357368999914,1426.908447265625,530.9898681640625,-115.94387817382812,1361.2848635214234,396.1064175240089,True,DEFENCE,False,-195.94387817382815,500,0,False,False
7.002340351999919,1426.8524169921875,531.0458374023438,-117.23334503173828,1358.2100960889898,397.6733073182878,True,DEFENCE,False,-197.23334503173828,500,0,False,False
7.017506900999933,1426.8470458984375,531.0560913085938,-117.37089538574219,1357.8847348004913,397.8487354755539,True,DEFENCE,False,-197.3708953857422,500,0,False,False
7.042768260999992,1426.8148193359375,530.999755859375,-117.9201889038086,1356.578640629561,398.45965173716615,True,DEFENCE,False,-197.92018890380865,500,0,False,False
7.055280476999997,1426.7777099609375,531.0303955078125,-118.33856964111328,1355.5755884482064,399.0066934990963,True,DEFENCE,False,-198.33856964111334,500,0,False,False
7.069158838000021,1420.4644775390625,533.0238037109375,-118.5395278930664,1348.7997372215866,401.2506463714067,True,DEFENCE,False,-198.5395278930664,500,0,False,False
7.071214008999959,1420.4530029296875,533.0474243164062,-118.76630401611328,1348.267268471247,401.5589467197152,True,DEFENCE,False,-198.7663040161133,500,0,False,False
7.1083384269999215,1420.440673828125,533.0458984375,-118.80197143554688,1348.1730999561814,401.6023829387764,True,DEFENCE,False,-198.8019714355469,500,0,False,False
7.122656794000022,1420.5084228515625,533.029052734375,-120.72904968261719,1343.8616016192536,404.0900563252883,True,DEFENCE,False,-200.7290496826172,500,0,False,False
7.150498973000026,1420.5079345703125,533.0132446289062,-121.49989318847656,1342.1333882884578,405.1170738687407,True,DEFENCE,False,-201.49989318847656,500,0,False,False
7.173523415999966,1420.5142822265625,533.0236206054688,-121.16738891601562,1342.8832706554922,404.67477549008663,True,DEFENCE,False,-201.1673889160156,500,0,False,False
7.1904593030000115,1420.4718017578125,533.0205078125,-120.9010238647461,1343.4383139427437,404.31214850726434,True,DEFENCE,False,-200.9010238647461,500,0,False,False
7.204406197000026,1420.4244384765625,532.9834594726562,-120.94886016845703,1343.2835187843293,404.3394603547944,True,DEFENCE,False,-200.94886016845703,500,0,False,False
7.241980194000007,1420.4542236328125,532.9701538085938,-120.962646484375,1343.2823522917113,404.34471980072533,True,DEFENCE,False,-200.962646484375,500,0,False,False
7.256022099000006,1403.0430908203125,539.5284423828125,-121.25749969482422,1325.210317290609,411.3018485550348,True,DEFENCE,False,-201.25749969482422,500,0,False,False
7.269948308999915,1403.0401611328125,539.4674072265625,-121.3611831665039,1324.9754740226476,411.3818708596798,True,DEFENCE,False,-201.36118316650388,500,0,False,False
7.2836331529999825,1403.0223388671875,539.436279296875,-121.47051239013672,1324.7133869776808,411.4999355396497,True,DEFENCE,False,-201.47051239013672,500,0,False,False
7.310634553999989,1403.0653076171875,539.4620361328125,-121.5830307006836,1324.505263581714,411.679723267751,True,DEFENCE,False,-201.58303070068362,500,0,False,False
